label,area,perimeter,solidity,major_axis_length,minor_axis_length,aspect_ratio,circularity,length_um,width_um,area_um2,length_nm,width_nm,area_nm2
1,301.0,67.698484809835,0.9318885448916409,23.33355411327875,16.867818443492315,1.3833178363548813,0.8253125749126919,0.05245989637072008,0.037923241493766024,0.0015214565813075997,52.45989637072008,37.92324149376603,1521.4565813075997
2,462.0,80.04163056034261,0.9808917197452229,29.055393721068818,20.529836068224306,1.4152764602947907,0.9061915018297506,0.06532407948733017,0.04615640923874597,0.0023352589387511994,65.32407948733017,46.15640923874597,2335.2589387511994
3,382.0,75.21320343559643,0.9526184538653366,25.74963191105477,19.52225125630017,1.3189888590715129,0.8485648818400158,0.057891867440347994,0.043891096609489415,0.0019308850965431997,57.89186744034799,43.891096609489416,1930.8850965431996
4,358.0,70.2842712474619,0.9623655913978495,21.82990490658346,21.46770420790918,1.01687188789106,0.9107026459425048,0.04907930200527533,0.04826498066247389,0.0018095729438807997,49.07930200527532,48.26498066247388,1809.5729438807996
5,534.0,92.2842712474619,0.9552772808586762,35.89982128382316,19.42090354634935,1.84851447298246,0.7879447151648115,0.08071213219956824,0.043663240607115385,0.0026991953967383992,80.71213219956825,43.663240607115384,2699.1953967383993
6,1280.0,140.5269119345812,0.9696969696969697,53.63715223453778,31.195156120836987,1.7194064369086626,0.81451826611916,0.1205902638828219,0.07013482170023295,0.006469981475327999,120.59026388282189,70.13482170023296,6469.981475327999
7,439.0,80.5269119345812,0.9564270152505446,27.813508636524613,20.45291395400134,1.3598800004281675,0.8507310702080445,0.06253199892715282,0.04598346832622305,0.0022190014591163994,62.53199892715282,45.98346832622305,2219.0014591163995
8,360.0,74.52691193458118,0.9625668449197861,27.45034003774295,17.24944993819545,1.5913748053472518,0.81449066670173,0.06171550149325596,0.0387812483180473,0.0018196822899359997,61.71550149325596,38.7812483180473,1819.6822899359995
9,787.0,107.79898987322332,0.971604938271605,39.75882095861697,25.949599243186466,1.5321554905729948,0.8510502697908795,0.08938816680842018,0.058341445994486395,0.003978027672721199,89.38816680842018,58.3414459944864,3978.027672721199
10,811.0,109.69848480983501,0.9620403321470937,39.59807929303798,26.696451791621065,1.483271245262122,0.846894788209233,0.08902677775136557,0.06002056470502997,0.004099339825383599,89.02677775136557,60.02056470502997,4099.339825383599
11,525.0,91.21320343559643,0.9597806215722121,35.58862158440063,19.43170171162085,1.8314722051912398,0.7929645098246652,0.08001247436334455,0.04368751769016869,0.0026537033394899994,80.01247436334454,43.68751769016868,2653.7033394899995
12,1424.0,144.0416305603426,0.9888888888888889,50.40499498179832,36.98589854797684,1.362816558759947,0.8624695984477104,0.11332353401777788,0.0831539162694744,0.0071978543913023985,113.32353401777787,83.1539162694744,7197.854391302399
13,412.0,77.94112549695427,0.9493087557603687,27.753718838132905,19.263425665272358,1.4407467976044699,0.8522631959643284,0.062397575915020674,0.043309189386205225,0.0020825252873711998,62.397575915020674,43.309189386205226,2082.5252873711997
14,735.0,108.04163056034263,0.9595300261096605,42.30734746639249,22.90876011210286,1.8467759607837186,0.791252223180085,0.09511791701479158,0.05150484900963637,0.0037151846752859993,95.11791701479157,51.504849009636374,3715.184675285999
15,371.0,136.88225099390857,0.6122112211221122,38.25008327906243,22.193531505795974,1.7234789005559206,0.24882241260558624,0.08599613223298488,0.04989682914322085,0.0018752836932395996,85.99613223298489,49.89682914322085,1875.2836932395996
16,200.0,71.59797974644665,0.7874015748031497,22.06349962913321,14.622995045996518,1.5088222050087992,0.4902733913412408,0.04960448367619503,0.03287629484211213,0.0010109346055199998,49.60448367619503,32.87629484211213,1010.9346055199998
17,1430.0,173.01219330881975,0.9590878604963112,76.6257056445558,24.495118454440085,3.128203106552698,0.600333360685511,0.172274508972429,0.05507139501637946,0.007228182429467998,172.27450897242898,55.07139501637946,7228.182429467998
18,774.0,113.79898987322333,0.9614906832298137,46.97427773000921,21.658182462597193,2.1688928796833205,0.7510589236226808,0.1056103896492705,0.04869322530335876,0.0039123169233623994,105.6103896492705,48.69322530335876,3912.3169233623994
19,546.0,93.21320343559643,0.9528795811518325,37.24288927944686,19.32770417080132,1.9269173902045906,0.7896736373714375,0.08373169825140918,0.04345370417904577,0.0027598514730695994,83.73169825140918,43.453704179045765,2759.8514730695993
20,501.0,88.38477631085024,0.9766081871345029,34.77544811853743,18.78390067643504,1.8513432708981614,0.8059213400599409,0.07818424898698297,0.04223109253480183,0.0025323911868275996,78.18424898698296,42.23109253480183,2532.3911868275995
21,1114.0,131.94112549695427,0.9661751951431049,48.92369259038307,29.788087488249452,1.6423911944559069,0.8041455926599539,0.10999318110325462,0.06697136557633171,0.0056309057527463985,109.99318110325463,66.9713655763317,5630.905752746399
22,215.0,52.8700576850888,0.9641255605381166,18.520474918319113,14.82346495191522,1.2494025505100435,0.9665598598941315,0.04163884293986012,0.03332700331279291,0.0010867547009339997,41.638842939860126,33.32700331279291,1086.7547009339999
23,1051.0,129.35533905932738,0.9545867393278837,50.72282574031024,27.06961985724276,1.8737915791875748,0.7893031985805377,0.11403810019890989,0.0608595435402446,0.0053124613520075985,114.03810019890989,60.8595435402446,5312.461352007599
24,388.0,76.5269119345812,0.9463414634146341,28.341073986908967,17.862047351831947,1.5866643631981123,0.8325555344250981,0.06371810300180794,0.04015852657922969,0.0019612131347087995,63.71810300180795,40.15852657922969,1961.2131347087995
25,1018.0,161.7401153701776,0.7984313725490196,57.16195227412082,27.165695591447207,2.1041961573079533,0.4890149595404716,0.12851493081981485,0.06107554677042709,0.005145657142096799,128.51493081981485,61.07554677042709,5145.657142096798
26,691.0,111.35533905932738,0.9237967914438503,44.47228605595119,20.52097721702818,2.1671621963036127,0.7002704851200938,0.0999852618481528,0.04613649223795577,0.0034927790620715993,99.9852618481528,46.136492237955764,3492.779062071599
27,931.0,120.18376618407356,0.9597938144329897,46.31276435028846,26.023164056721154,1.7796746102565877,0.8099681214666486,0.10412313557817952,0.05850683882216389,0.004705900588695599,104.12313557817951,58.50683882216389,4705.900588695599
28,801.0,108.8700576850888,0.9732685297691372,42.09793069360572,24.653716934431316,1.7075693213144612,0.849230286153181,0.09464709366120598,0.055427965635004545,0.004048793095107599,94.64709366120599,55.42796563500454,4048.793095107599
29,559.0,92.8700576850888,0.9394957983193277,33.764481959075255,21.75915181462285,1.5517370459442466,0.8144609026683214,0.07591133420931052,0.048920230658743964,0.0028255622224283993,75.91133420931052,48.92023065874396,2825.5622224283993
30,530.0,86.62741699796952,0.9724770642201835,31.93958273668087,21.58940941592753,1.479409747684785,0.8875135728200857,0.07180848628357012,0.048538605613453224,0.0026789767046279996,71.80848628357012,48.53860561345322,2678.9767046279994
31,623.0,102.2842712474619,0.9643962848297214,40.597009505708535,20.180185289424536,2.0117263009960307,0.748307676005503,0.09127263259130426,0.0453703033788016,0.0031490612961947995,91.27263259130426,45.3703033788016,3149.0612961947995
32,520.0,86.8700576850888,0.9576427255985267,29.604169800012873,22.80702152942645,1.2980287567061966,0.8659104639897341,0.06655787079457694,0.0512761142237483,0.0026284299743519995,66.55787079457693,51.2761142237483,2628.4299743519996
33,403.0,77.94112549695427,0.9527186761229315,27.311496302574024,19.18636979792411,1.4234843063188023,0.8336457960524863,0.061403344677225066,0.04313594776188086,0.0020370332301227994,61.40334467722507,43.13594776188086,2037.0332301227995
34,605.0,93.4558441227157,0.971107544141252,35.08360795320041,22.4201716662904,1.5648233419171353,0.8704669965096906,0.07887707241686236,0.05040637515045405,0.0030580771816979993,78.87707241686235,50.406375150454046,3058.0771816979995
35,1595.0,155.01219330881975,0.9791282995702886,60.0247492390732,34.342235277236064,1.7478404872166529,0.8341397718832912,0.1349512427242387,0.07721027388439874,0.008062203479021998,134.9512427242387,77.21027388439875,8062.203479021999
36,390.0,94.42640687119285,0.8315565031982942,31.545990207661468,17.962113925248964,1.7562515380396255,0.5496516585019732,0.07092358794427696,0.040383502253580235,0.0019713224807639995,70.92358794427696,40.38350225358023,1971.3224807639997
37,842.0,111.4558441227157,0.9734104046242774,42.55903595697442,25.776509413367585,1.6510783238518514,0.8517580851869602,0.0956837781806273,0.0579522950536978,0.004256034689239199,95.6837781806273,57.952295053697796,4256.034689239199
38,591.0,101.45584412271572,0.9563106796116505,43.89160422263761,17.693722159367187,2.4806314820198003,0.721511417132483,0.09867973810958722,0.039780087782018865,0.002987311759311599,98.67973810958722,39.78008778201887,2987.3117593115994
39,1144.0,127.94112549695429,0.9811320754716981,47.963166775625375,30.7549197545787,1.5595282692449477,0.8782447345921611,0.10783366933496749,0.0691450558874291,0.005782545943574398,107.8336693349675,69.1450558874291,5782.545943574399
40,468.0,79.79898987322333,0.9936305732484076,30.49100971782742,19.820880994351594,1.5383276720402348,0.9235510986123447,0.06855171750820267,0.04456249390436091,0.0023655869769167994,68.55171750820267,44.562493904360906,2365.5869769167994
41,754.0,107.11269837220809,0.9654289372599232,40.28350004165093,24.35168978677431,1.6542383873306967,0.8258464183028328,0.09056778180364211,0.0547489300800132,0.0038112234628103992,90.5677818036421,54.748930080013196,3811.2234628103993
42,319.0,66.62741699796952,0.9579579579579579,23.613017053861174,17.519861480302186,1.3477856020956331,0.9030142281206723,0.05308820172151392,0.03938920377170419,0.0016124406958043997,53.08820172151392,39.38920377170419,1612.4406958043996
43,613.0,95.79898987322332,0.9699367088607594,37.49453131345841,21.277119621003703,1.7621995825245864,0.8393604059216146,0.08429745497079599,0.04783649695911778,0.0030985145659187994,84.297454970796,47.83649695911778,3098.5145659187992
44,572.0,90.97056274847714,0.9711375212224108,33.34124165437822,22.448011519070153,1.48526481403727,0.8685686105998068,0.07495977996187238,0.05046896637786466,0.002891272971787199,74.95977996187237,50.46896637786465,2891.2729717871994
45,587.0,94.8700576850888,0.9638752052545156,36.1532825789221,21.07885310561104,1.7151446711917337,0.8195767618160363,0.0812819790908874,0.04739074228322107,0.0029670930672011995,81.28197909088739,47.390742283221066,2967.0930672011996
46,469.0,84.2842712474619,0.9342629482071713,30.65551118598508,20.006724847877663,1.532260348411652,0.8296399077663547,0.06892155957900281,0.04498031920648943,0.0023706416499443997,68.9215595790028,44.980319206489426,2370.6416499443994
47,734.0,104.04163056034261,0.9786666666666667,37.30800224171582,25.76969504258345,1.4477471378712767,0.8521020773736002,0.08387808911996,0.05793697457643866,0.003710130002258399,83.87808911996,57.93697457643866,3710.130002258399
