 ,Area,StdDev,Perim.,BX,BY,Width,Height,Major,Minor,Angle,Circ.,Feret,FeretX,FeretY,FeretAngle,MinFeret,AR,Round,Solidity
1,0.0011,0,0.1904,1.1978,0.0022,0.0854,0.0157,0.0924,0.0150,177.3728,0.3764,0.0865,533,1,171.0274,0.0157,6.1750,0.1619,0.9307
2,0.0016,0,0.1550,1.9146,0.0022,0.0517,0.0337,0.0549,0.0375,3.3662,0.8453,0.0573,852,14,25.5600,0.0337,1.4627,0.6837,0.9697
3,0.0020,0,0.1688,3.1955,0.0292,0.0494,0.0494,0.0518,0.0501,49.9090,0.8976,0.0586,1422,32,32.4712,0.0494,1.0341,0.9671,0.9460
4,0.0021,0,0.1701,1.5079,0.0382,0.0539,0.0449,0.0570,0.0469,162.5029,0.9123,0.0611,672,19,143.9726,0.0449,1.2167,0.8219,0.9596
5,0.0055,0,0.2804,0.0944,0.0787,0.0809,0.0764,0.0853,0.0820,12.0549,0.8783,0.0967,43,64,35.5377,0.0764,1.0409,0.9607,0.9663
6,0.0018,0,0.1579,0.6787,0.0787,0.0494,0.0427,0.0506,0.0445,8.4617,0.8904,0.0549,303,52,34.9920,0.0427,1.1357,0.8805,0.9421
7,0.0012,0,0.1460,0.0022,0.0809,0.0270,0.0539,0.0594,0.0266,87.4435,0.7323,0.0568,1,36,108.4349,0.0270,2.2309,0.4482,0.9535
8,0.0029,0,0.1989,3.0539,0.0966,0.0562,0.0584,0.0636,0.0575,61.5394,0.9124,0.0706,1359,65,37.2348,0.0557,1.1070,0.9034,0.9628
9,0.0025,0,0.2023,1.3236,0.1011,0.0629,0.0449,0.0672,0.0471,179.7946,0.7626,0.0736,589,64,31.2637,0.0449,1.4281,0.7002,0.9292
10,0.0020,0,0.1669,2.0607,0.1393,0.0539,0.0427,0.0566,0.0457,175.8021,0.9155,0.0586,918,64,147.5288,0.0427,1.2373,0.8082,0.9617
11,0.0008,0,0.1066,1.7236,0.1528,0.0292,0.0337,0.0340,0.0284,110.4036,0.8370,0.0387,768,69,125.5377,0.0292,1.1959,0.8362,0.9009
12,0.0015,0,0.1495,0.9640,0.1708,0.0539,0.0360,0.0552,0.0352,166.2032,0.8575,0.0556,429,82,165.9638,0.0350,1.5702,0.6369,0.9321
13,0.0068,0,0.3142,2.6674,0.1888,0.0921,0.0854,0.0990,0.0874,155.2953,0.8643,0.1113,1190,85,133.3634,0.0832,1.1333,0.8824,0.9645
14,0.0015,0,0.1439,0.6427,0.2000,0.0427,0.0404,0.0458,0.0425,158.1941,0.9284,0.0509,287,90,131.4237,0.0404,1.0780,0.9276,0.9604
15,0.0008,0,0.1056,2.3798,0.2449,0.0315,0.0292,0.0350,0.0300,167.9761,0.9284,0.0387,1059,111,144.4623,0.0292,1.1657,0.8579,0.9588
16,0.0020,0,0.1741,0.7843,0.2607,0.0607,0.0382,0.0633,0.0411,177.4559,0.8462,0.0633,349,128,16.5044,0.0382,1.5413,0.6488,0.9573
17,0.0023,0,0.1830,1.5775,0.2831,0.0517,0.0494,0.0554,0.0520,9.8552,0.8485,0.0656,702,146,38.0470,0.0492,1.0673,0.9369,0.9432
18,0.0028,0,0.1997,1.9056,0.2831,0.0607,0.0517,0.0647,0.0549,174.1020,0.8799,0.0698,848,146,33.1785,0.0517,1.1786,0.8485,0.9592
19,0.0017,0,0.1542,0.8427,0.3011,0.0382,0.0494,0.0520,0.0410,78.1750,0.8858,0.0562,376,154,53.1301,0.0382,1.2678,0.7887,0.9637
20,0.0019,0,0.1598,1.1371,0.3034,0.0449,0.0494,0.0523,0.0451,87.4643,0.9120,0.0544,508,155,51.7098,0.0445,1.1580,0.8636,0.9459
21,0.0016,0,0.1516,2.2809,0.3416,0.0472,0.0404,0.0492,0.0426,171.0385,0.9003,0.0530,1016,154,143.6156,0.0404,1.1540,0.8666,0.9491
22,0.0017,0,0.1542,1.3213,0.3573,0.0494,0.0382,0.0514,0.0418,3.1458,0.8912,0.0555,588,174,31.7595,0.0382,1.2304,0.8128,0.9584
23,0.0016,0,0.1534,1.4494,0.3753,0.0517,0.0360,0.0539,0.0378,178.5372,0.8543,0.0547,645,181,19.1790,0.0360,1.4270,0.7008,0.9463
24,0.0006,0,0.0894,3.2067,0.3753,0.0270,0.0270,0.0289,0.0280,56.3798,0.9996,0.0319,1427,177,39.2894,0.0270,1.0307,0.9702,0.9545
25,0.0023,0,0.1804,2.3843,0.3933,0.0472,0.0562,0.0594,0.0494,75.1381,0.8910,0.0643,1063,199,53.5308,0.0472,1.2024,0.8317,0.9551
26,0.0028,0,0.2047,3.2270,0.4135,0.0674,0.0494,0.0695,0.0517,176.5764,0.8462,0.0735,1436,202,23.4287,0.0493,1.3457,0.7431,0.9499
27,0.0036,0,0.2349,0.1326,0.4180,0.0809,0.0517,0.0871,0.0528,176.0682,0.8224,0.0853,59,202,18.4349,0.0505,1.6517,0.6055,0.9584
28,0.0018,0,0.1574,1.2067,0.4292,0.0449,0.0449,0.0494,0.0462,144.1152,0.9093,0.0556,538,192,133.3634,0.0449,1.0712,0.9335,0.9595
29,0.0014,0,0.1368,1.5955,0.4427,0.0382,0.0427,0.0450,0.0397,81.6348,0.9429,0.0468,712,198,125.2176,0.0382,1.1335,0.8823,0.9537
30,0.0024,0,0.1823,2.1461,0.4831,0.0539,0.0517,0.0582,0.0535,14.9264,0.9244,0.0643,956,235,36.4692,0.0517,1.0884,0.9188,0.9632
31,0.0007,0,0.1175,0.6157,0.5011,0.0247,0.0404,0.0416,0.0212,84.8074,0.6298,0.0420,278,223,105.5241,0.0247,1.9681,0.5081,0.8035
32,0.0018,0,0.1696,0.8876,0.5079,0.0607,0.0360,0.0645,0.0364,176.4840,0.8056,0.0627,395,237,14.5345,0.0352,1.7721,0.5643,0.9383
33,0.0011,0,0.1246,1.6899,0.5326,0.0382,0.0360,0.0407,0.0356,40.6380,0.9194,0.0455,752,250,32.9052,0.0360,1.1423,0.8754,0.9395
34,0.0035,0,0.2278,0.3506,0.5461,0.0787,0.0517,0.0844,0.0532,176.0474,0.8551,0.0824,156,259,17.4472,0.0517,1.5851,0.6309,0.9641
35,0.0012,0,0.1299,1.9843,0.5618,0.0382,0.0360,0.0398,0.0372,165.1566,0.8652,0.0461,884,250,133.0251,0.0358,1.0704,0.9343,0.9293
36,0.0013,0,0.1376,0.2562,0.5663,0.0337,0.0449,0.0475,0.0352,85.1737,0.8720,0.0486,115,270,56.3099,0.0337,1.3516,0.7399,0.9489
37,0.0012,0,0.1254,3.2472,0.5820,0.0382,0.0337,0.0415,0.0356,10.6034,0.9283,0.0468,1445,272,35.2176,0.0337,1.1644,0.8588,0.9644
38,0.0008,0,0.1061,2.5730,0.5910,0.0292,0.0337,0.0353,0.0293,109.5963,0.9076,0.0382,1148,263,118.0725,0.0292,1.2069,0.8286,0.9388
39,0.0031,0,0.2119,1.3865,0.6090,0.0652,0.0539,0.0688,0.0572,175.6062,0.8651,0.0734,618,274,139.9697,0.0539,1.2018,0.8321,0.9592
40,0.0040,0,0.2378,1.2292,0.6157,0.0764,0.0607,0.0789,0.0638,179.2790,0.8783,0.0818,547,295,20.9245,0.0607,1.2373,0.8082,0.9584
41,0.0016,0,0.1503,1.6809,0.6157,0.0449,0.0427,0.0488,0.0407,166.1675,0.8684,0.0536,748,277,146.9761,0.0427,1.1985,0.8344,0.9464
42,0.0005,0,0.0932,0.9101,0.6180,0.0360,0.0225,0.0340,0.0189,2.1728,0.7312,0.0371,405,281,14.0362,0.0225,1.7980,0.5562,0.8230
43,0.0024,0,0.1855,1.7371,0.6180,0.0539,0.0539,0.0564,0.0552,48.1545,0.8930,0.0630,773,295,34.8245,0.0531,1.0212,0.9792,0.9462
44,0.0034,0,0.2201,3.0944,0.6337,0.0697,0.0562,0.0736,0.0584,171.9646,0.8764,0.0773,1378,285,144.4623,0.0559,1.2607,0.7932,0.9571
45,0.0010,0,0.1431,0.9865,0.6494,0.0360,0.0360,0.0380,0.0325,98.2448,0.5946,0.0445,439,291,135.0000,0.0360,1.1671,0.8568,0.8312
46,0.0033,0,0.2182,0.1596,0.6607,0.0584,0.0652,0.0689,0.0613,86.2948,0.8754,0.0751,73,295,128.9275,0.0578,1.1249,0.8890,0.9570
47,0.0006,0,0.1053,2.3326,0.6607,0.0360,0.0247,0.0375,0.0206,11.2145,0.6864,0.0393,1038,305,30.9638,0.0237,1.8238,0.5483,0.8136
48,0.0010,0,0.1125,3.0247,0.6742,0.0337,0.0337,0.0362,0.0339,60.4160,0.9585,0.0398,1347,313,42.7094,0.0337,1.0675,0.9368,0.9502
49,0.0020,0,0.1714,2.9326,0.6764,0.0539,0.0449,0.0559,0.0462,174.9035,0.8681,0.0603,1305,319,26.5651,0.0447,1.2098,0.8266,0.9448
50,0.0007,0,0.1111,2.3303,0.6876,0.0360,0.0270,0.0378,0.0242,172.5493,0.7296,0.0393,1038,306,149.0362,0.0266,1.5635,0.6396,0.8452
51,0.0025,0,0.1931,1.1303,0.7011,0.0607,0.0517,0.0614,0.0515,175.0584,0.8371,0.0664,503,330,23.9625,0.0495,1.1908,0.8398,0.9318
52,0.0017,0,0.1548,2.3326,0.7169,0.0494,0.0404,0.0517,0.0415,12.7788,0.8849,0.0567,1039,336,33.6901,0.0404,1.2462,0.8025,0.9422
53,0.0017,0,0.1561,1.6584,0.7303,0.0472,0.0427,0.0491,0.0440,41.4327,0.8752,0.0562,739,343,36.8699,0.0427,1.1178,0.8946,0.9465
54,0.0022,0,0.1746,3.0517,0.7393,0.0494,0.0517,0.0567,0.0494,62.9882,0.9055,0.0625,1358,349,37.6942,0.0484,1.1484,0.8708,0.9539
55,0.0034,0,0.2209,1.3528,0.7506,0.0629,0.0607,0.0676,0.0649,10.5251,0.8872,0.0773,602,356,35.5377,0.0607,1.0415,0.9602,0.9681
56,0.0025,0,0.1899,0.3775,0.7753,0.0584,0.0517,0.0613,0.0514,2.7395,0.8618,0.0656,171,365,38.0470,0.0517,1.1935,0.8379,0.9478
57,0.0017,0,0.1503,1.1101,0.8112,0.0449,0.0427,0.0466,0.0451,0.7199,0.9190,0.0513,494,374,28.8108,0.0427,1.0318,0.9692,0.9534
58,0.0013,0,0.1357,0.9124,0.8202,0.0315,0.0449,0.0488,0.0329,83.8743,0.8616,0.0499,406,384,54.1623,0.0315,1.4824,0.6746,0.9542
59,0.0011,0,0.1259,2.1978,0.8337,0.0404,0.0337,0.0434,0.0322,11.2735,0.8683,0.0474,978,384,31.4296,0.0330,1.3474,0.7422,0.9254
60,0.0005,0,0.1021,3.1798,0.8360,0.0337,0.0225,0.0344,0.0187,3.9107,0.6082,0.0372,1415,382,25.0169,0.0225,1.8355,0.5448,0.7576
61,0.0021,0,0.1741,2.8764,0.8427,0.0539,0.0449,0.0572,0.0469,178.9907,0.8734,0.0611,1281,392,36.0274,0.0449,1.2208,0.8191,0.9510
62,0.0024,0,0.1860,0.4584,0.8584,0.0629,0.0472,0.0663,0.0469,167.2562,0.8860,0.0676,204,389,158.5523,0.0462,1.4135,0.7075,0.9517
63,0.0022,0,0.1772,1.8337,0.8584,0.0472,0.0539,0.0591,0.0477,74.2901,0.8868,0.0639,817,405,50.7106,0.0459,1.2380,0.8078,0.9554
64,0.0026,0,0.1894,1.9820,0.8652,0.0607,0.0472,0.0646,0.0503,176.2142,0.8933,0.0667,883,388,147.3808,0.0472,1.2835,0.7791,0.9619
65,0.0010,0,0.1566,2.1910,0.8876,0.0584,0.0337,0.0567,0.0227,11.0872,0.5174,0.0618,975,410,19.0935,0.0301,2.4981,0.4003,0.7273
66,0.0015,0,0.1873,0.0360,0.8921,0.0539,0.0427,0.0462,0.0415,53.6083,0.5390,0.0603,16,413,26.5651,0.0427,1.1118,0.8994,0.7720
67,0.0007,0,0.1180,2.9618,0.9011,0.0404,0.0270,0.0394,0.0211,160.2416,0.5875,0.0422,1318,405,154.7989,0.0247,1.8681,0.5353,0.7633
68,0.0010,0,0.1738,2.1978,0.9079,0.0539,0.0404,0.0514,0.0256,30.4893,0.4305,0.0611,979,420,36.0274,0.0338,2.0075,0.4981,0.6868
69,0.0029,0,0.2055,1.3258,0.9258,0.0652,0.0494,0.0708,0.0525,174.6927,0.8684,0.0729,591,414,146.3099,0.0494,1.3486,0.7415,0.9649
70,0.0008,0,0.1233,2.9596,0.9303,0.0404,0.0247,0.0436,0.0236,2.0550,0.6678,0.0443,1317,422,23.9625,0.0247,1.8445,0.5421,0.8421
71,0.0028,0,0.2132,0.6517,0.9326,0.0742,0.0427,0.0783,0.0456,178.1749,0.7749,0.0785,290,430,23.6294,0.0427,1.7179,0.5821,0.9503
72,0.0006,0,0.1109,0.3258,0.9461,0.0427,0.0292,0.0465,0.0170,151.6174,0.6345,0.0463,145,424,157.1663,0.0196,2.7348,0.3657,0.8311
73,0.0021,0,0.1812,1.9101,0.9933,0.0607,0.0404,0.0639,0.0428,172.5853,0.8215,0.0675,850,444,150.0184,0.0404,1.4931,0.6697,0.9487
74,0.0013,0,0.1336,3.2382,1.0000,0.0382,0.0404,0.0413,0.0394,113.9528,0.8994,0.0463,1443,446,129.0939,0.0382,1.0490,0.9533,0.9336
75,0.0014,0,0.1482,0.5910,1.0157,0.0472,0.0360,0.0461,0.0374,5.7235,0.7745,0.0505,263,465,20.8545,0.0360,1.2348,0.8099,0.9024
76,0.0026,0,0.1939,2.2944,1.0472,0.0629,0.0472,0.0663,0.0492,175.7802,0.8575,0.0679,1023,467,145.7843,0.0467,1.3467,0.7426,0.9486
77,0.0013,0,0.1317,0.6517,1.0539,0.0360,0.0404,0.0434,0.0380,81.3576,0.9396,0.0463,292,486,50.9061,0.0360,1.1417,0.8759,0.9644
78,0.0019,0,0.1754,3.1146,1.0607,0.0629,0.0360,0.0660,0.0368,177.4116,0.7799,0.0654,1386,484,15.9454,0.0360,1.7919,0.5581,0.9356
79,0.0041,0,0.2450,1.8000,1.0697,0.0831,0.0584,0.0867,0.0602,171.8232,0.8586,0.0875,803,480,150.8025,0.0579,1.4405,0.6942,0.9575
80,0.0015,0,0.1465,3.2674,1.0697,0.0449,0.0382,0.0477,0.0404,177.1391,0.8865,0.0524,1454,490,30.9638,0.0382,1.1815,0.8464,0.9509
81,0.0012,0,0.1252,3.1888,1.0719,0.0382,0.0382,0.0399,0.0369,26.8914,0.9276,0.0436,1420,492,34.5085,0.0382,1.0797,0.9262,0.9328
82,0.0012,0,0.1291,0.8607,1.0989,0.0360,0.0404,0.0426,0.0364,113.6805,0.9174,0.0474,384,489,121.4296,0.0360,1.1704,0.8544,0.9526
83,0.0013,0,0.1344,2.4315,1.1034,0.0360,0.0404,0.0433,0.0374,74.1810,0.8856,0.0481,1083,508,52.5946,0.0360,1.1573,0.8641,0.9474
84,0.0027,0,0.1944,3.0562,1.1034,0.0517,0.0607,0.0658,0.0529,73.7464,0.9080,0.0692,1362,517,54.2461,0.0511,1.2439,0.8039,0.9635
85,0.0023,0,0.1823,0.7640,1.1213,0.0629,0.0427,0.0666,0.0435,2.1322,0.8614,0.0685,340,515,23.1986,0.0424,1.5292,0.6539,0.9495
86,0.0022,0,0.1759,2.5258,1.1528,0.0472,0.0539,0.0569,0.0497,94.3243,0.9022,0.0617,1127,513,123.1113,0.0472,1.1451,0.8733,0.9565
87,0.0013,0,0.1304,3.3640,1.1663,0.0404,0.0360,0.0429,0.0372,0.7787,0.9251,0.0455,1497,533,32.9052,0.0360,1.1535,0.8669,0.9520
88,0.0012,0,0.1331,1.8539,1.1843,0.0404,0.0360,0.0435,0.0350,171.7748,0.8494,0.0477,826,527,135.0000,0.0346,1.2423,0.8049,0.9276
89,0.0026,0,0.1894,0.6202,1.2000,0.0562,0.0517,0.0597,0.0553,171.2036,0.9075,0.0655,276,553,30.9638,0.0517,1.0796,0.9263,0.9643
90,0.0024,0,0.1791,1.0787,1.2022,0.0472,0.0562,0.0607,0.0495,80.0891,0.9239,0.0630,483,559,55.1755,0.0472,1.2252,0.8162,0.9669
91,0.0017,0,0.1566,3.2292,1.2270,0.0539,0.0382,0.0569,0.0379,175.3477,0.8666,0.0564,1437,561,23.4986,0.0382,1.5006,0.6664,0.9463
92,0.0011,0,0.1304,0.0022,1.2404,0.0315,0.0404,0.0416,0.0328,89.9334,0.7908,0.0455,1,552,122.9052,0.0315,1.2672,0.7891,0.9138
93,0.0036,0,0.2278,0.6045,1.2539,0.0652,0.0652,0.0706,0.0648,48.6058,0.8697,0.0795,270,584,47.2906,0.0637,1.0892,0.9181,0.9518
94,0.0012,0,0.1304,1.7101,1.2562,0.0427,0.0337,0.0452,0.0328,159.5471,0.8617,0.0486,762,561,146.3099,0.0332,1.3773,0.7261,0.9315
95,0.0020,0,0.1696,3.1393,1.2607,0.0539,0.0427,0.0565,0.0455,169.6311,0.8828,0.0607,1399,562,141.0090,0.0427,1.2418,0.8053,0.9581
96,0.0011,0,0.1241,2.5393,1.3056,0.0360,0.0360,0.0406,0.0345,51.9759,0.8986,0.0449,1130,595,36.8699,0.0360,1.1744,0.8515,0.9561
97,0.0022,0,0.1759,0.4202,1.3371,0.0517,0.0494,0.0542,0.0505,155.1891,0.8735,0.0622,190,596,130.6013,0.0486,1.0721,0.9328,0.9435
98,0.0014,0,0.1376,1.0876,1.3618,0.0360,0.0427,0.0452,0.0389,98.4753,0.9156,0.0499,486,606,125.8377,0.0360,1.1621,0.8605,0.9630
99,0.0023,0,0.1796,2.6292,1.3663,0.0494,0.0562,0.0587,0.0508,92.4928,0.9124,0.0624,1174,608,120.2564,0.0494,1.1560,0.8650,0.9547
100,0.0024,0,0.1802,1.6360,1.3798,0.0517,0.0562,0.0595,0.0505,60.5079,0.9128,0.0639,728,635,39.2894,0.0517,1.1778,0.8490,0.9531
101,0.0015,0,0.1490,0.3798,1.3865,0.0427,0.0449,0.0473,0.0398,69.2204,0.8380,0.0512,169,633,37.8750,0.0398,1.1883,0.8415,0.9156
102,0.0026,0,0.1894,2.7056,1.3978,0.0539,0.0539,0.0580,0.0568,20.6307,0.9057,0.0661,1204,642,35.3112,0.0539,1.0211,0.9794,0.9615
103,0.0018,0,0.1548,2.9079,1.4180,0.0494,0.0404,0.0519,0.0434,176.2949,0.9273,0.0536,1294,635,146.9761,0.0404,1.1970,0.8354,0.9629
104,0.0012,0,0.1325,2.9596,1.4180,0.0404,0.0337,0.0430,0.0365,17.5962,0.8817,0.0486,1317,644,33.6901,0.0337,1.1763,0.8501,0.9663
105,0.0018,0,0.1617,2.0225,1.4247,0.0584,0.0382,0.0609,0.0384,170.1263,0.8814,0.0618,900,637,160.9065,0.0380,1.5865,0.6303,0.9503
106,0.0012,0,0.1362,1.4404,1.4315,0.0472,0.0292,0.0491,0.0318,179.0511,0.8308,0.0493,641,648,24.2277,0.0292,1.5432,0.6480,0.9511
107,0.0021,0,0.1714,0.8876,1.4584,0.0539,0.0449,0.0563,0.0471,11.1302,0.8897,0.0630,396,667,34.8245,0.0449,1.1955,0.8365,0.9559
108,0.0014,0,0.1402,3.2022,1.4652,0.0427,0.0360,0.0455,0.0390,174.6136,0.8912,0.0495,1425,654,140.5275,0.0360,1.1675,0.8566,0.9600
109,0.0021,0,0.1830,2.2225,1.4831,0.0629,0.0382,0.0684,0.0394,175.9814,0.7936,0.0676,989,663,158.5523,0.0382,1.7348,0.5765,0.9458
110,0.0018,0,0.1600,1.3551,1.4899,0.0517,0.0382,0.0572,0.0390,173.6195,0.8598,0.0586,604,664,147.5288,0.0377,1.4639,0.6831,0.9559
111,0.0021,0,0.1748,0.0022,1.4944,0.0472,0.0494,0.0540,0.0502,82.3934,0.8761,0.0620,1,686,43.5312,0.0472,1.0751,0.9301,0.9646
112,0.0018,0,0.1593,1.1955,1.5034,0.0404,0.0517,0.0549,0.0422,80.9550,0.9007,0.0567,535,692,56.3099,0.0404,1.3009,0.7687,0.9562
113,0.0022,0,0.1754,1.7820,1.5056,0.0539,0.0449,0.0577,0.0487,0.9299,0.9017,0.0624,793,687,30.2564,0.0449,1.1840,0.8446,0.9657
114,0.0017,0,0.1606,0.3438,1.5124,0.0404,0.0517,0.0555,0.0393,76.2523,0.8343,0.0576,154,695,51.3402,0.0384,1.4133,0.7076,0.9352
115,0.0031,0,0.2222,2.4337,1.5124,0.0764,0.0472,0.0815,0.0480,175.5594,0.7829,0.0803,1083,689,17.9279,0.0453,1.6971,0.5893,0.9479
116,0.0015,0,0.1458,2.6742,1.5618,0.0494,0.0360,0.0517,0.0374,173.2427,0.8989,0.0524,1191,696,149.0362,0.0360,1.3837,0.7227,0.9556
117,0.0018,0,0.1553,0.7708,1.5663,0.0449,0.0472,0.0501,0.0445,61.2626,0.9129,0.0541,344,716,41.6335,0.0446,1.1251,0.8888,0.9455
118,0.0016,0,0.1482,3.0989,1.5730,0.0472,0.0427,0.0478,0.0413,32.0309,0.8872,0.0530,1379,717,36.3844,0.0427,1.1567,0.8645,0.9289
119,0.0017,0,0.1566,1.0854,1.5865,0.0517,0.0404,0.0533,0.0415,178.8389,0.8899,0.0553,483,721,26.5651,0.0404,1.2823,0.7798,0.9425
120,0.0038,0,0.2328,3.2404,1.5910,0.0697,0.0652,0.0712,0.0672,177.2501,0.8711,0.0786,1442,731,30.9638,0.0635,1.0587,0.9445,0.9466
121,0.0019,0,0.1606,0.9393,1.6247,0.0472,0.0449,0.0507,0.0472,39.7071,0.9155,0.0576,418,741,38.6598,0.0449,1.0753,0.9300,0.9600
122,0.0040,0,0.2412,0.1326,1.6629,0.0697,0.0674,0.0734,0.0695,23.1643,0.8646,0.0836,60,766,36.2538,0.0665,1.0558,0.9472,0.9526
123,0.0008,0,0.1437,2.5685,1.6876,0.0382,0.0404,0.0386,0.0278,113.5860,0.5133,0.0446,1144,753,130.9144,0.0361,1.3904,0.7192,0.7261
124,0.0019,0,0.1677,1.4382,1.6921,0.0494,0.0449,0.0514,0.0480,10.5820,0.8665,0.0598,640,770,34.2869,0.0449,1.0714,0.9334,0.9470
125,0.0005,0,0.1297,1.7753,1.7079,0.0360,0.0337,0.0336,0.0201,153.5813,0.3963,0.0418,792,760,126.2538,0.0278,1.6756,0.5968,0.5932
126,0.0014,0,0.1400,2.7640,1.7348,0.0449,0.0382,0.0468,0.0393,168.6618,0.9264,0.0499,1231,773,144.1623,0.0382,1.1918,0.8391,0.9502
127,0.0030,0,0.2079,0.9663,1.7371,0.0607,0.0584,0.0640,0.0591,24.7410,0.8645,0.0717,430,796,41.1859,0.0584,1.0830,0.9234,0.9508
128,0.0033,0,0.2156,2.1191,1.7798,0.0697,0.0539,0.0741,0.0561,176.6821,0.8819,0.0764,943,810,24.3045,0.0539,1.3218,0.7565,0.9613
129,0.0008,0,0.1082,3.2629,1.7820,0.0292,0.0315,0.0354,0.0304,69.7133,0.9055,0.0400,1453,807,51.8428,0.0292,1.1648,0.8585,0.9681
130,0.0013,0,0.1336,2.9730,1.7843,0.0449,0.0337,0.0447,0.0361,2.9270,0.8923,0.0463,1324,796,150.9454,0.0337,1.2358,0.8092,0.9418
131,0.0006,0,0.0926,2.7124,1.7910,0.0270,0.0292,0.0324,0.0240,56.4663,0.8952,0.0351,1207,809,39.8056,0.0262,1.3468,0.7425,0.9064
132,0.0032,0,0.2156,0.2854,1.8135,0.0562,0.0674,0.0718,0.0571,100.4465,0.8710,0.0767,132,807,121.8274,0.0562,1.2562,0.7961,0.9565
133,0.0023,0,0.1810,0.4315,1.8427,0.0494,0.0562,0.0584,0.0496,84.6809,0.8720,0.0617,195,821,123.1113,0.0476,1.1776,0.8492,0.9365
134,0.0017,0,0.1624,0.9775,1.9213,0.0472,0.0449,0.0519,0.0428,50.1394,0.8297,0.0593,435,873,37.3039,0.0445,1.2120,0.8251,0.9337
135,0.0014,0,0.1394,3.3079,1.9326,0.0360,0.0449,0.0485,0.0370,80.8356,0.9109,0.0505,1474,880,57.7244,0.0360,1.3136,0.7613,0.9538
136,0.0007,0,0.0979,2.8854,1.9483,0.0225,0.0337,0.0350,0.0242,81.0584,0.8743,0.0374,1285,881,57.2648,0.0225,1.4434,0.6928,0.9600
137,0.0023,0,0.1817,0.6562,1.9596,0.0562,0.0472,0.0608,0.0492,172.0611,0.8935,0.0639,294,874,140.7106,0.0472,1.2369,0.8084,0.9617
138,0.0029,0,0.2034,0.3438,1.9640,0.0697,0.0472,0.0741,0.0494,178.5639,0.8725,0.0732,153,891,17.8787,0.0472,1.5002,0.6666,0.9636
139,0.0025,0,0.1836,1.5618,1.9933,0.0562,0.0494,0.0599,0.0528,177.3601,0.9263,0.0633,695,902,27.4744,0.0494,1.1335,0.8822,0.9714
140,0.0028,0,0.1976,3.1371,2.0000,0.0607,0.0539,0.0632,0.0558,164.1444,0.8904,0.0688,1397,892,141.6325,0.0539,1.1324,0.8831,0.9547
141,0.0030,0,0.2106,0.7281,2.0225,0.0652,0.0517,0.0688,0.0556,178.2600,0.8517,0.0736,325,920,31.2637,0.0517,1.2358,0.8092,0.9528
142,0.0030,0,0.2058,1.7618,2.0225,0.0719,0.0494,0.0734,0.0513,176.6318,0.8777,0.0747,784,917,15.7086,0.0494,1.4292,0.6997,0.9505
143,0.0020,0,0.1696,2.5483,2.0427,0.0517,0.0449,0.0537,0.0479,10.2726,0.8828,0.0617,1134,927,33.1113,0.0449,1.1193,0.8934,0.9479
144,0.0007,0,0.1400,2.8787,2.0427,0.0360,0.0404,0.0408,0.0230,57.2879,0.4729,0.0463,1281,925,39.0939,0.0326,1.7720,0.5643,0.6682
145,0.0005,0,0.1342,1.0539,2.0944,0.0360,0.0315,0.0307,0.0227,47.7771,0.3808,0.0393,469,943,30.9638,0.0310,1.3533,0.7389,0.6409
146,0.0015,0,0.1465,0.0022,2.1011,0.0404,0.0427,0.0442,0.0436,130.2158,0.8865,0.0512,1,935,127.8750,0.0404,1.0147,0.9855,0.9585
147,0.0026,0,0.1989,0.9371,2.1011,0.0697,0.0449,0.0755,0.0440,169.3156,0.8274,0.0747,417,938,158.8387,0.0443,1.7174,0.5823,0.9591
148,0.0023,0,0.1817,3.2315,2.1124,0.0539,0.0472,0.0578,0.0504,172.4888,0.8704,0.0625,1439,942,142.3058,0.0472,1.1455,0.8730,0.9567
149,0.0011,0,0.1207,3.3843,2.1124,0.0360,0.0382,0.0397,0.0346,56.6052,0.9326,0.0432,1507,955,38.6598,0.0357,1.1461,0.8725,0.9325
150,0.0027,0,0.2003,2.5416,2.1303,0.0629,0.0517,0.0665,0.0526,175.8017,0.8609,0.0692,1132,951,144.2461,0.0502,1.2629,0.7918,0.9461
151,0.0039,0,0.2349,0.1034,2.1326,0.0674,0.0652,0.0719,0.0695,3.0257,0.8937,0.0810,46,973,33.6901,0.0652,1.0353,0.9659,0.9664
152,0.0017,0,0.1542,1.9708,2.1506,0.0472,0.0382,0.0520,0.0404,170.7162,0.8725,0.0558,878,957,139.8991,0.0382,1.2856,0.7779,0.9632
153,0.0016,0,0.1542,2.7146,2.1640,0.0449,0.0404,0.0476,0.0430,12.1872,0.8485,0.0549,1208,980,34.9920,0.0404,1.1066,0.9037,0.9436
154,0.0016,0,0.1540,3.3169,2.1798,0.0427,0.0472,0.0514,0.0384,117.9385,0.8215,0.0556,1478,970,133.3634,0.0404,1.3373,0.7478,0.9110
155,0.0015,0,0.1421,0.6135,2.2045,0.0404,0.0404,0.0441,0.0436,173.3926,0.9403,0.0499,273,997,35.8377,0.0404,1.0103,0.9898,0.9724
156,0.0026,0,0.1926,1.1551,2.2090,0.0607,0.0494,0.0642,0.0510,178.7830,0.8709,0.0667,515,1003,32.6192,0.0488,1.2594,0.7940,0.9505
157,0.0013,0,0.1381,2.7348,2.2180,0.0472,0.0337,0.0497,0.0329,0.4872,0.8451,0.0505,1217,998,20.8545,0.0334,1.5113,0.6617,0.9321
158,0.0015,0,0.1452,1.3191,2.2202,0.0449,0.0382,0.0480,0.0396,172.3252,0.8906,0.0513,587,1002,28.8108,0.0379,1.2124,0.8248,0.9472
159,0.0026,0,0.1886,0.0652,2.2360,0.0517,0.0584,0.0611,0.0534,77.2987,0.9060,0.0656,29,1019,38.0470,0.0517,1.1442,0.8740,0.9603
160,0.0005,0,0.1159,2.2360,2.2854,0.0517,0.0135,0.0537,0.0128,178.2807,0.5059,0.0521,995,1023,7.4314,0.0135,4.1975,0.2382,0.9106
