4.975526e+002,0.000000e+000
5.014096e+002,4.731378e-001
5.052666e+002,5.576180e-001
5.091236e+002,6.561062e-001
5.129806e+002,7.441184e-001
5.168376e+002,7.968419e-001
5.206946e+002,7.968361e-001
5.245516e+002,7.398645e-001
5.284086e+002,6.355396e-001
5.322656e+002,5.040100e-001
5.361226e+002,3.651745e-001
5.399796e+002,2.297745e-001
5.438365e+002,9.432432e-002
5.476936e+002,-5.646316e-002
5.515506e+002,-2.398629e-001
5.554076e+002,-4.618485e-001
5.592646e+002,-7.069001e-001
5.631216e+002,-9.337987e-001
5.669786e+002,-1.086184e+000
5.708356e+002,-1.108926e+000
5.746926e+002,-9.678273e-001
5.785496e+002,-6.641113e-001
5.824066e+002,-2.379611e-001
5.862635e+002,2.406175e-001
5.901205e+002,6.886133e-001
5.939775e+002,1.034742e+000
5.978345e+002,1.235727e+000
6.016915e+002,1.283267e+000
6.055485e+002,1.200297e+000
6.094055e+002,1.029605e+000
6.132625e+002,8.199149e-001
6.171195e+002,6.142038e-001
6.209765e+002,4.544514e-001
6.248335e+002,3.600402e-001
6.286905e+002,3.177724e-001
6.325475e+002,2.973698e-001
6.364045e+002,2.706878e-001
6.402615e+002,2.241239e-001
6.441185e+002,1.639254e-001
6.479755e+002,1.121305e-001
6.518325e+002,1.497520e-001
6.556895e+002,2.027274e-001
6.595465e+002,2.647997e-001
6.634035e+002,3.243691e-001
6.672605e+002,3.656867e-001
6.711175e+002,3.714696e-001
6.749745e+002,3.261012e-001
6.788315e+002,2.187171e-001
6.826885e+002,1.089145e-001
6.865455e+002,-4.028845e-002
6.904025e+002,-2.229935e-001
6.942595e+002,-4.229699e-001
6.981165e+002,-6.117408e-001
7.019734e+002,-7.519057e-001
7.058304e+002,-8.062688e-001
7.096874e+002,-7.502793e-001
7.135444e+002,-5.772132e-001
7.174014e+002,-3.236040e-001
7.212584e+002,-3.959835e-002
7.251154e+002,2.156608e-001
7.289724e+002,3.912363e-001
7.328295e+002,4.587095e-001
7.366864e+002,4.183141e-001
7.405435e+002,2.950456e-001
7.444004e+002,1.305000e-001
7.482574e+002,-3.810769e-002
7.521144e+002,-1.833384e-001
7.559714e+002,-2.913818e-001
7.598284e+002,-3.585252e-001
7.636854e+002,-3.851624e-001
7.675424e+002,-3.715454e-001
7.713994e+002,-3.176246e-001
7.752564e+002,8.285871e-002
7.791134e+002,4.938553e-001
7.829704e+002,7.665524e-001
7.868274e+002,7.847310e-001
7.906844e+002,5.323601e-001
7.945414e+002,1.126486e-001
7.983984e+002,-2.946042e-001
8.022554e+002,-5.118754e-001
8.061124e+002,-6.709715e-001
8.099694e+002,-7.827585e-001
8.138264e+002,-8.308931e-001
8.176833e+002,-8.015138e-001
8.215404e+002,-6.906919e-001
8.253973e+002,-5.109458e-001
8.292544e+002,-2.924725e-001
8.331113e+002,-7.712781e-002
8.369684e+002,8.941070e-002
8.408253e+002,1.891269e-001
8.446824e+002,2.088313e-001
8.485393e+002,1.573857e-001
8.523964e+002,6.113449e-002
8.562533e+002,-4.558833e-002
8.601104e+002,-1.304032e-001
8.639673e+002,-1.694412e-001
8.678243e+002,-1.493017e-001
8.716813e+002,-6.519186e-002
8.755383e+002,8.064169e-002
8.793953e+002,2.790658e-001
8.832523e+002,5.124315e-001
8.871093e+002,7.532639e-001
8.909663e+002,9.663099e-001
8.948233e+002,1.115291e+000
8.986803e+002,1.181066e+000
9.025373e+002,1.146325e+000
9.063943e+002,1.024011e+000
9.102513e+002,8.473683e-001
9.141083e+002,6.588279e-001
9.179653e+002,4.951119e-001
9.218223e+002,3.748881e-001
9.256793e+002,2.944445e-001
9.295363e+002,1.300915e-001
9.333933e+002,-2.772224e-002
9.372502e+002,-1.619474e-001
9.411073e+002,-2.557926e-001
9.449642e+002,-2.921244e-001
9.488213e+002,-2.590443e-001
9.526782e+002,-1.573767e-001
9.565353e+002,-3.962060e-003
9.603922e+002,1.813867e-001
9.642493e+002,3.477968e-001
9.681063e+002,4.630128e-001
9.719633e+002,5.109197e-001
9.758203e+002,4.899845e-001
9.796772e+002,4.089634e-001
9.835342e+002,2.844207e-001
9.873912e+002,1.409788e-001
9.912482e+002,1.085811e-001
9.951052e+002,7.429647e-002
9.989622e+002,4.523248e-002
1.002819e+003,2.639701e-002
1.006676e+003,1.972351e-002
1.010533e+003,2.543357e-002
1.014390e+003,4.420570e-002
1.018247e+003,7.811987e-002
1.022104e+003,1.292617e-001
1.025961e+003,1.980406e-001
1.029818e+003,2.751857e-001
1.033675e+003,3.425265e-001
1.037532e+003,3.774595e-001
1.041389e+003,3.612553e-001
1.045246e+003,2.878201e-001
1.049103e+003,1.686178e-001
1.052960e+003,3.062989e-002
1.056817e+003,-9.259879e-002
1.060674e+003,-1.724152e-001
1.064531e+003,-1.966852e-001
1.068388e+003,-1.747387e-001
1.072245e+003,-1.339575e-001
1.076102e+003,-1.094733e-001
1.079959e+003,-1.311627e-001
1.083816e+003,-3.344373e-001
1.087673e+003,-3.367833e-001
1.091530e+003,-5.056399e-002
1.095387e+003,4.570271e-001
1.099244e+003,9.796950e-001
1.103101e+003,1.289616e+000
1.106958e+003,1.266144e+000
1.110815e+003,9.438985e-001
1.114672e+003,8.775467e-001
1.118529e+003,7.723418e-001
1.122386e+003,6.361238e-001
1.126243e+003,4.766659e-001
1.130100e+003,3.041801e-001
1.133957e+003,1.335665e-001
1.137814e+003,-1.526683e-002
1.141671e+003,-1.199313e-001
1.145528e+003,-1.600942e-001
1.149385e+003,-1.239493e-001
1.153242e+003,-1.252524e-002
1.157099e+003,1.583021e-001
1.160956e+003,3.594691e-001
1.164813e+003,5.540333e-001
1.168670e+003,7.048295e-001
1.172527e+003,7.827078e-001
1.176384e+003,7.721794e-001
1.180241e+003,6.768848e-001
1.184098e+003,5.162650e-001
1.187955e+003,3.203605e-001
1.191812e+003,1.219406e-001
1.195669e+003,-5.141019e-002
1.199526e+003,-1.827116e-001
1.203383e+003,-2.671462e-001
1.207240e+003,-3.056655e-001
1.211097e+003,-3.094635e-001
1.214954e+003,-2.892120e-001
1.218811e+003,-2.514529e-001
1.222668e+003,-1.975607e-001
1.226525e+003,-1.260897e-001
1.230382e+003,-3.739937e-002
1.234239e+003,6.178471e-002
1.238096e+003,2.423064e-001
1.241953e+003,3.995356e-001
1.245810e+003,4.894257e-001
1.249667e+003,4.737058e-001
1.253524e+003,3.466357e-001
1.257381e+003,1.516261e-001
1.261238e+003,-2.552220e-002
1.265095e+003,-8.789591e-002
1.268952e+003,2.476752e-003
1.272809e+003,2.650349e-001
1.276666e+003,6.441605e-001
1.280523e+003,1.041014e+000
1.284380e+003,1.349536e+000
1.288237e+003,1.494507e+000
1.292094e+003,1.455538e+000
1.295951e+003,1.267772e+000
1.299808e+003,1.165521e+000
1.303665e+003,1.072554e+000
1.307522e+003,1.006597e+000
1.311379e+003,9.715185e-001
1.315236e+003,9.579687e-001
1.319093e+003,9.482696e-001
1.322950e+003,9.235883e-001
1.326807e+003,8.707163e-001
1.330664e+003,7.916008e-001
1.334521e+003,6.864296e-001
1.338378e+003,5.710961e-001
1.342235e+003,4.653045e-001
1.346092e+003,3.869104e-001
1.349949e+003,3.463736e-001
1.353806e+003,3.426865e-001
1.357663e+003,3.619121e-001
1.361520e+003,3.803547e-001
1.365377e+003,3.671103e-001
1.369234e+003,2.961237e-001
1.373091e+003,1.544388e-001
1.376948e+003,-5.112770e-002
1.380805e+003,-2.931741e-001
1.384662e+003,-5.298026e-001
1.388519e+003,-7.162654e-001
1.392376e+003,-8.253295e-001
1.396233e+003,-8.372968e-001
1.400090e+003,-7.652112e-001
1.403947e+003,-6.427807e-001
1.407804e+003,-5.117608e-001
1.411661e+003,-4.077461e-001
1.415518e+003,-3.501795e-001
1.419375e+003,-3.399955e-001
1.423232e+003,-4.213270e-001
1.427089e+003,-4.788228e-001
1.430946e+003,-4.921528e-001
1.434803e+003,-4.635423e-001
1.438660e+003,-4.076608e-001
1.442517e+003,-3.376093e-001
1.446374e+003,-2.600967e-001
1.450231e+003,-1.818505e-001
1.454088e+003,-1.906382e-001
1.457945e+003,-1.968403e-001
1.461802e+003,-1.953906e-001
1.465659e+003,-1.780216e-001
1.469516e+003,-1.330570e-001
1.473373e+003,-4.937120e-002
1.477230e+003,7.667276e-002
1.481087e+003,2.348326e-001
1.484944e+003,4.626589e-001
1.488801e+003,6.592895e-001
1.492658e+003,7.768055e-001
1.496515e+003,7.816964e-001
1.500372e+003,6.628280e-001
1.504229e+003,4.320841e-001
1.508086e+003,1.183581e-001
1.511943e+003,-2.419018e-001
1.515800e+003,-5.957310e-001
1.519657e+003,-9.306332e-001
1.523514e+003,-1.226595e+000
1.527371e+003,-1.467452e+000
1.531228e+003,-1.636036e+000
1.535085e+003,-1.712490e+000
1.538942e+003,-1.677471e+000
1.542799e+003,-1.519297e+000
1.546656e+003,-1.273388e+000
1.550513e+003,-9.687220e-001
1.554370e+003,-6.568012e-001
1.558227e+003,-3.905993e-001
1.562084e+003,-2.005344e-001
1.565941e+003,-8.275487e-002
1.569798e+003,-8.008033e-003
1.573655e+003,5.619159e-002
1.577512e+003,2.278243e-001
1.581369e+003,3.942623e-001
1.585226e+003,5.357872e-001
1.589083e+003,6.376009e-001
1.592940e+003,6.925274e-001
1.596797e+003,6.984376e-001
1.600654e+003,6.536087e-001
1.604511e+003,5.553507e-001
1.608368e+003,4.931600e-001
1.612225e+003,4.093245e-001
1.616082e+003,3.169560e-001
1.619939e+003,2.324038e-001
1.623796e+003,1.752197e-001
1.627653e+003,1.650154e-001
1.631510e+003,2.157234e-001
1.635367e+003,3.298685e-001
1.639224e+003,4.959470e-001
1.643081e+003,6.885127e-001
1.646938e+003,8.787495e-001
1.650795e+003,1.040762e+000
1.654652e+003,1.159276e+000
1.658509e+003,1.233171e+000
1.662366e+003,1.273182e+000
1.666223e+003,1.294936e+000
1.670080e+003,1.310328e+000
1.673937e+003,1.321855e+000
1.677794e+003,1.321750e+000
1.681651e+003,1.296906e+000
1.685508e+003,1.236583e+000
1.689365e+003,1.139045e+000
1.693222e+003,1.013360e+000
1.697079e+003,8.754237e-001
1.700936e+003,7.405320e-001
1.704793e+003,6.137968e-001
1.708650e+003,4.887616e-001
1.712507e+003,3.494792e-001
1.716364e+003,1.797456e-001
1.720221e+003,-2.571411e-002
1.724078e+003,-2.534457e-001
1.727935e+003,-4.707681e-001
1.731792e+003,-5.847501e-001
1.735649e+003,-6.025040e-001
1.739506e+003,-5.107154e-001
1.743363e+003,-3.209109e-001
1.747220e+003,-6.691130e-002
1.751077e+003,2.045558e-001
1.754934e+003,4.458955e-001
1.758791e+003,6.192657e-001
1.762648e+003,5.445810e-001
1.766505e+003,2.788888e-001
1.770362e+003,-8.213905e-002
1.774219e+003,-4.324953e-001
1.778076e+003,-6.883756e-001
1.781933e+003,-8.095841e-001
1.785790e+003,-8.059230e-001
1.789647e+003,-7.267114e-001
1.793504e+003,-7.230722e-001
1.797361e+003,-7.664948e-001
1.801218e+003,-8.441691e-001
1.805075e+003,-9.322039e-001
1.808932e+003,-1.002071e+000
1.812789e+003,-1.029756e+000
1.816646e+003,-1.004381e+000
1.820503e+003,-9.328197e-001
1.824360e+003,-8.089820e-001
1.828217e+003,-6.919696e-001
1.832074e+003,-6.113492e-001
1.835931e+003,-5.774890e-001
1.839788e+003,-5.763736e-001
1.843645e+003,-5.740116e-001
1.847502e+003,-5.290529e-001
1.851359e+003,-4.089932e-001
1.855216e+003,-1.143117e-001
1.859073e+003,2.257253e-001
1.862930e+003,5.351544e-001
1.866786e+003,7.369921e-001
1.870644e+003,7.838446e-001
1.874500e+003,6.749935e-001
1.878358e+003,4.536865e-001
1.882215e+003,1.878603e-001
1.886072e+003,-5.511317e-002
1.889929e+003,-2.321547e-001
1.893786e+003,-3.312875e-001
1.897643e+003,-3.696052e-001
1.901500e+003,-3.808928e-001
1.905357e+003,-3.997105e-001
1.909214e+003,-4.476556e-001
1.913071e+003,-5.260783e-001
1.916927e+003,-5.290918e-001
1.920785e+003,-4.778483e-001
1.924641e+003,-3.771774e-001
1.928499e+003,-2.407745e-001
1.932355e+003,-8.568250e-002
1.936213e+003,7.326230e-002
1.940069e+003,2.270191e-001
1.943927e+003,3.729238e-001
1.947783e+003,5.122246e-001
1.951641e+003,6.411518e-001
1.955497e+003,7.615349e-001
1.959354e+003,8.714985e-001
1.963211e+003,9.663338e-001
1.967068e+003,1.041362e+000
1.970925e+003,1.095168e+000
1.974782e+003,1.131475e+000
1.978640e+003,1.161685e+000
1.982496e+003,1.193326e+000
1.986354e+003,1.231189e+000
1.990210e+003,1.273493e+000
1.994068e+003,1.311245e+000
1.997924e+003,1.330349e+000
2.001781e+003,1.315867e+000
2.005638e+003,1.256981e+000
2.009495e+003,1.144433e+000
2.013352e+003,9.903747e-001
2.017209e+003,8.121406e-001
2.021066e+003,6.315240e-001
2.024923e+003,4.694873e-001
2.028780e+003,3.413221e-001
2.032637e+003,2.536347e-001
2.036494e+003,2.039543e-001
2.040351e+003,1.874075e-001
2.044208e+003,1.935526e-001
2.048065e+003,2.097397e-001
2.051922e+003,2.284280e-001
2.055779e+003,2.484678e-001
2.059636e+003,2.733767e-001
2.063493e+003,3.075002e-001
2.067350e+003,3.523028e-001
2.071208e+003,4.398042e-001
2.075064e+003,5.133998e-001
2.078921e+003,5.594203e-001
2.082778e+003,5.738255e-001
2.086635e+003,5.674942e-001
2.090492e+003,5.645477e-001
2.094349e+003,5.932965e-001
2.098207e+003,6.737534e-001
2.102063e+003,7.782962e-001
2.105920e+003,9.158852e-001
2.109777e+003,1.058634e+000
2.113634e+003,1.178167e+000
2.117491e+003,1.258766e+000
2.121348e+003,1.302248e+000
2.125205e+003,1.322137e+000
2.129063e+003,1.330767e+000
2.132919e+003,1.394254e+000
2.136776e+003,1.386454e+000
2.140633e+003,1.329173e+000
2.144490e+003,1.253285e+000
2.148347e+003,1.192439e+000
2.152204e+003,1.173095e+000
2.156061e+003,1.204143e+000
2.159918e+003,1.271133e+000
2.163775e+003,1.376432e+000
2.167632e+003,1.431490e+000
2.171489e+003,1.388115e+000
2.175346e+003,1.233311e+000
2.179203e+003,9.989575e-001
2.183060e+003,7.526777e-001
2.186917e+003,5.733831e-001
2.190774e+003,5.219310e-001
2.194631e+003,6.167111e-001
2.198488e+003,8.071780e-001
2.202345e+003,1.036081e+000
2.206202e+003,1.240568e+000
2.210059e+003,1.371212e+000
2.213916e+003,1.405061e+000
2.217773e+003,1.348952e+000
2.221630e+003,1.232967e+000
2.225487e+003,1.077274e+000
2.229344e+003,9.416062e-001
2.233201e+003,8.520622e-001
2.237058e+003,8.180602e-001
2.240915e+003,8.360823e-001
2.244772e+003,8.967620e-001
2.248629e+003,9.913008e-001
2.252486e+003,1.114078e+000
2.256343e+003,1.257974e+000
2.260200e+003,1.419819e+000
2.264057e+003,1.586605e+000
2.267914e+003,1.739171e+000
2.271771e+003,1.856466e+000
2.275628e+003,1.922463e+000
2.279485e+003,1.932320e+000
2.283342e+003,1.894646e+000
2.287199e+003,1.827855e+000
2.291056e+003,1.754699e+000
2.294913e+003,1.691519e+000
2.298770e+003,1.643136e+000
2.302627e+003,1.602274e+000
2.306484e+003,1.554598e+000
2.310341e+003,1.486980e+000
2.314198e+003,1.395358e+000
2.318055e+003,1.289133e+000
2.321912e+003,1.187771e+000
2.325769e+003,1.115212e+000
2.329626e+003,1.090580e+000
2.333483e+003,1.120717e+000
2.337340e+003,1.197150e+000
2.341197e+003,1.298536e+000
2.345054e+003,1.397390e+000
2.348911e+003,1.467701e+000
2.352768e+003,1.495132e+000
2.356625e+003,1.477844e+000
2.360482e+003,1.425776e+000
2.364339e+003,1.355698e+000
2.368196e+003,1.284746e+000
2.372053e+003,1.224922e+000
2.375910e+003,1.180418e+000
2.379767e+003,1.147581e+000
2.383624e+003,1.122393e+000
2.387481e+003,1.102482e+000
2.391338e+003,1.091765e+000
2.395195e+003,1.100943e+000
2.399052e+003,1.144156e+000
2.402909e+003,1.233056e+000
2.406766e+003,1.370583e+000
2.410623e+003,1.547362e+000
2.414480e+003,1.742866e+000
2.418337e+003,1.930720e+000
2.422194e+003,2.087132e+000
2.426051e+003,2.198641e+000
2.429908e+003,2.266109e+000
2.433765e+003,2.303341e+000
2.437622e+003,2.330850e+000
2.441479e+003,2.364445e+000
2.445336e+003,2.417427e+000
2.449193e+003,2.490364e+000
2.453050e+003,2.576069e+000
2.456907e+003,2.665198e+000
2.460764e+003,2.751697e+000
2.464621e+003,2.835314e+000
2.468478e+003,2.920105e+000
2.472335e+003,3.010866e+000
2.476192e+003,3.110777e+000
2.480049e+003,3.213077e+000
2.483906e+003,3.306248e+000
2.487763e+003,3.379632e+000
2.491620e+003,3.429443e+000
2.495477e+003,3.462137e+000
2.499334e+003,3.492980e+000
2.503191e+003,3.541778e+000
2.507048e+003,3.620715e+000
2.510905e+003,3.733588e+000
2.514762e+003,3.871904e+000
2.518619e+003,4.017925e+000
2.522476e+003,4.151299e+000
2.526333e+003,4.256388e+000
2.530190e+003,4.327191e+000
2.534047e+003,4.368089e+000
2.537904e+003,4.391335e+000
2.541761e+003,4.410558e+000
2.545618e+003,4.435812e+000
2.549475e+003,4.470641e+000
2.553332e+003,4.512228e+000
2.557189e+003,4.554359e+000
2.561046e+003,4.591521e+000
2.564903e+003,4.623058e+000
2.568760e+003,4.653432e+000
2.572617e+003,4.693113e+000
2.576474e+003,4.754025e+000
2.580331e+003,4.844069e+000
2.584188e+003,4.961542e+000
2.588045e+003,5.091697e+000
2.591902e+003,5.207054e+000
2.595759e+003,5.273085e+000
2.599616e+003,5.256754e+000
2.603473e+003,5.138543e+000
2.607330e+003,4.921093e+000
2.611187e+003,4.632291e+000
2.615044e+003,4.319924e+000
2.618901e+003,4.039172e+000
2.622758e+003,3.836441e+000
2.626615e+003,3.736508e+000
2.630472e+003,3.734186e+000
2.634329e+003,3.800263e+000
2.638186e+003,3.893921e+000
2.642043e+003,3.979430e+000
2.645900e+003,4.039518e+000
2.649757e+003,4.080176e+000
2.653614e+003,4.124981e+000
2.657471e+003,4.202427e+000
2.661328e+003,4.329538e+000
2.665185e+003,4.503482e+000
2.669042e+003,4.699257e+000
2.672899e+003,4.877090e+000
2.676756e+003,4.994998e+000
2.680613e+003,5.021425e+000
2.684470e+003,4.943299e+000
2.688327e+003,4.767628e+000
2.692184e+003,4.517662e+000
2.696041e+003,4.226394e+000
2.699898e+003,3.929759e+000
2.703755e+003,3.661224e+000
2.707612e+003,3.447457e+000
2.711469e+003,3.304506e+000
2.715326e+003,3.234335e+000
2.719183e+003,3.222951e+000
2.723040e+003,3.242397e+000
2.726897e+003,3.258928e+000
2.730754e+003,3.243303e+000
2.734611e+003,3.182031e+000
2.738468e+003,3.083991e+000
2.742325e+003,2.978724e+000
2.746182e+003,2.905807e+000
2.750039e+003,2.899814e+000
2.753896e+003,2.973392e+000
2.757753e+003,3.111516e+000
2.761610e+003,3.277190e+000
2.765467e+003,3.426353e+000
2.769324e+003,3.525896e+000
2.773181e+003,3.566878e+000
2.777038e+003,3.566954e+000
2.780895e+003,3.558636e+000
2.784752e+003,3.580935e+000
2.788609e+003,3.655849e+000
2.792466e+003,3.781705e+000
2.796323e+003,3.935316e+000
2.800180e+003,4.082945e+000
2.804037e+003,4.194409e+000
2.807894e+003,4.253486e+000
2.811751e+003,4.259914e+000
2.815608e+003,4.225774e+000
2.819465e+003,4.165014e+000
2.823322e+003,4.085719e+000
2.827179e+003,3.987600e+000
2.831036e+003,3.865401e+000
2.834893e+003,3.715740e+000
2.838750e+003,3.542983e+000
2.842607e+003,3.360075e+000
2.846464e+003,3.187045e+000
2.850321e+003,3.042339e+000
2.854178e+003,2.937014e+000
2.858035e+003,2.871413e+000
2.861892e+003,2.835945e+000
2.865749e+003,2.815026e+000
2.869606e+003,2.791485e+000
2.873463e+003,2.749473e+000
2.877320e+003,2.677165e+000
2.881177e+003,2.565531e+000
2.885034e+003,2.410081e+000
2.888891e+003,2.213359e+000
2.892748e+003,1.987785e+000
2.896605e+003,1.756851e+000
2.900462e+003,1.552413e+000
2.904319e+003,1.408440e+000
2.908176e+003,1.349367e+000
2.912033e+003,1.383766e+000
2.915890e+003,1.499955e+000
2.919747e+003,1.668873e+000
2.923604e+003,1.852518e+000
2.927461e+003,2.014872e+000
2.931318e+003,2.130937e+000
2.935175e+003,2.191091e+000
2.939032e+003,2.200190e+000
2.942889e+003,2.173448e+000
2.946746e+003,2.132108e+000
2.950603e+003,2.101279e+000
2.954459e+003,2.110200e+000
2.958317e+003,2.193214e+000
2.962174e+003,2.388744e+000
2.966031e+003,2.734774e+000
2.969888e+003,3.261082e+000
2.973745e+003,3.981533e+000
2.977602e+003,4.889384e+000
2.981458e+003,5.958786e+000
2.985316e+003,7.152666e+000
2.989173e+003,8.434572e+000
2.993030e+003,9.780368e+000
2.996887e+003,1.118571e+001
3.000744e+003,1.266714e+001
3.004601e+003,1.425682e+001
3.008458e+003,1.599358e+001
3.012314e+003,1.791320e+001
3.016172e+003,2.004074e+001
3.020029e+003,2.238627e+001
3.023886e+003,2.494400e+001
3.027743e+003,2.769395e+001
3.031600e+003,3.060545e+001
3.035457e+003,3.364067e+001
3.039313e+003,3.675813e+001
3.043170e+003,3.991507e+001
3.047028e+003,4.306821e+001
3.050885e+003,4.617284e+001
3.054742e+003,4.918102e+001
3.058599e+003,5.204078e+001
3.062456e+003,5.469693e+001
3.066313e+003,5.709675e+001
3.070169e+003,5.919788e+001
3.074027e+003,6.097654e+001
3.077884e+003,6.243287e+001
3.081741e+003,6.359023e+001
3.085598e+003,6.448827e+001
3.089455e+003,6.517281e+001
3.093312e+003,6.568285e+001
3.097168e+003,6.604705e+001
3.101025e+003,6.628317e+001
3.104883e+003,6.640321e+001
3.108740e+003,6.641905e+001
3.112597e+003,6.634444e+001
3.116454e+003,6.619151e+001
3.120311e+003,6.596432e+001
3.124167e+003,6.565113e+001
3.128024e+003,6.522825e+001
3.131881e+003,6.467006e+001
3.135739e+003,6.396672e+001
3.139596e+003,6.314128e+001
3.143453e+003,6.225776e+001
3.147310e+003,6.141505e+001
3.151167e+003,6.072798e+001
3.155023e+003,6.029986e+001
3.158880e+003,6.020356e+001
3.162737e+003,6.047355e+001
3.166595e+003,6.111479e+001
3.170452e+003,6.212311e+001
3.174309e+003,6.350687e+001
3.178166e+003,6.529971e+001
3.182022e+003,6.755923e+001
3.185879e+003,7.035027e+001
3.189736e+003,7.372668e+001
3.193594e+003,7.771434e+001
3.197451e+003,8.230486e+001
3.201308e+003,8.745914e+001
3.205165e+003,9.311529e+001
3.209021e+003,9.919442e+001
3.212878e+003,1.056008e+002
3.216735e+003,1.122144e+002
3.220592e+003,1.188894e+002
3.224450e+003,1.254595e+002
3.228307e+003,1.317563e+002
3.232164e+003,1.376396e+002
3.236021e+003,1.430332e+002
3.239877e+003,1.479576e+002
3.243734e+003,1.525571e+002
3.247591e+003,1.571154e+002
3.251448e+003,1.620690e+002
3.255306e+003,1.680069e+002
3.259163e+003,1.756512e+002
3.263020e+003,1.858064e+002
3.266876e+003,1.992612e+002
3.270733e+003,2.166492e+002
3.274590e+003,2.382885e+002
3.278447e+003,2.640416e+002
3.282305e+003,2.932578e+002
3.286162e+003,3.248314e+002
3.290019e+003,3.573908e+002
3.293875e+003,3.895839e+002
3.297732e+003,4.203801e+002
3.301589e+003,4.492956e+002
3.305446e+003,4.764586e+002
3.309303e+003,5.024755e+002
3.313161e+003,5.281302e+002
3.317018e+003,5.540009e+002
3.320875e+003,5.801113e+002
3.324731e+003,6.057338e+002
3.328588e+003,6.294033e+002
3.332445e+003,6.491447e+002
3.336302e+003,6.628439e+002
3.340159e+003,6.686615e+002
3.344017e+003,6.653730e+002
3.347874e+003,6.525638e+002
3.351730e+003,6.306511e+002
3.355587e+003,6.007546e+002
3.359444e+003,5.644774e+002
3.363301e+003,5.236594e+002
3.367158e+003,4.801590e+002
3.371016e+003,4.356932e+002
3.374873e+003,3.917340e+002
3.378729e+003,3.494581e+002
3.382586e+003,3.097301e+002
3.386443e+003,2.731110e+002
3.390300e+003,2.398860e+002
3.394157e+003,2.101104e+002
3.398014e+003,1.836675e+002
3.401872e+003,1.603332e+002
3.405729e+003,1.398326e+002
3.409585e+003,1.218824e+002
3.413442e+003,1.062131e+002
3.417299e+003,9.257403e+001
3.421156e+003,8.073074e+001
3.425013e+003,7.046043e+001
3.428870e+003,6.155331e+001
3.432728e+003,5.381878e+001
3.436584e+003,4.709190e+001
3.440441e+003,4.123617e+001
3.444298e+003,3.613979e+001
3.448155e+003,3.170745e+001
3.452012e+003,2.785187e+001
3.455869e+003,2.448995e+001
3.459727e+003,2.154491e+001
3.463583e+003,1.895261e+001
3.467440e+003,1.666664e+001
3.471297e+003,1.465845e+001
3.475154e+003,1.291068e+001
3.479011e+003,1.140643e+001
3.482868e+003,1.011980e+001
3.486725e+003,9.012527e+000
3.490583e+003,8.038866e+000
3.494439e+003,7.156299e+000
3.498296e+003,6.336719e+000
3.502153e+003,5.572449e+000
3.506010e+003,4.873959e+000
3.509867e+003,4.260401e+000
3.513724e+003,3.747538e+000
3.517581e+003,3.338663e+000
3.521438e+003,3.022343e+000
3.525295e+003,2.777207e+000
3.529152e+003,2.580488e+000
3.533009e+003,2.415632e+000
3.536866e+003,2.275086e+000
3.540723e+003,2.157414e+000
3.544580e+003,2.060997e+000
3.548437e+003,1.978268e+000
3.552294e+003,1.894066e+000
3.556151e+003,1.789257e+000
3.560008e+003,1.648182e+000
3.563865e+003,1.466248e+000
3.567722e+003,1.253952e+000
3.571579e+003,1.035344e+000
3.575436e+003,8.412473e-001
3.579293e+003,6.998385e-001
3.583150e+003,6.281155e-001
3.587007e+003,6.270513e-001
3.590864e+003,6.818159e-001
3.594721e+003,7.663821e-001
3.598578e+003,8.505717e-001
3.602435e+003,9.072258e-001
3.606292e+003,9.174580e-001
3.610149e+003,8.731875e-001
3.614006e+003,7.767955e-001
3.617863e+003,6.388212e-001
3.621720e+003,4.746937e-001
3.625577e+003,3.015363e-001
3.629434e+003,1.356913e-001
3.633291e+003,-8.814655e-003
3.637148e+003,-1.212409e-001
3.641005e+003,-1.949669e-001
3.644862e+003,-2.284431e-001
3.648719e+003,-2.269394e-001
3.652576e+003,-2.029540e-001
3.656433e+003,-1.751867e-001
3.660290e+003,-1.649503e-001
3.664147e+003,-1.901277e-001
3.668004e+003,-2.582185e-001
3.671861e+003,-3.610673e-001
3.675718e+003,-4.733325e-001
3.679575e+003,-5.600382e-001
3.683432e+003,-5.849295e-001
3.687289e+003,-5.243367e-001
3.691146e+003,-3.775361e-001
3.695003e+003,-1.700982e-001
3.698860e+003,5.166747e-002
3.702717e+003,2.338758e-001
3.706574e+003,1.609581e-001
3.710431e+003,-1.742834e-001
3.714288e+003,-6.194564e-001
3.718145e+003,-9.395761e-001
3.722002e+003,-9.495024e-001
3.725859e+003,-6.164463e-001
3.729716e+003,-7.391959e-002
3.733573e+003,4.528030e-001
3.737430e+003,6.221694e-001
3.741287e+003,7.313585e-001
3.745144e+003,7.734712e-001
3.749001e+003,7.473488e-001
3.752858e+003,6.598980e-001
3.756715e+003,5.289556e-001
3.760572e+003,3.839942e-001
3.764429e+003,2.624579e-001
3.768286e+003,2.024555e-001
3.772143e+003,2.227964e-001
3.776000e+003,3.341537e-001
3.779857e+003,5.259643e-001
3.783714e+003,7.679371e-001
3.787571e+003,1.017603e+000
3.791428e+003,1.230929e+000
3.795285e+003,1.372455e+000
3.799142e+003,1.421844e+000
3.802999e+003,1.376657e+000
3.806856e+003,1.248288e+000
3.810713e+003,1.058281e+000
3.814570e+003,8.330417e-001
3.818427e+003,5.991964e-001
3.822284e+003,3.799761e-001
3.826141e+003,1.927519e-001
3.829998e+003,4.183093e-002
3.833855e+003,-6.462395e-002
3.837712e+003,-1.280982e-001
3.841569e+003,-1.534215e-001
3.845426e+003,-1.464151e-001
3.849283e+003,-1.120215e-001
3.853140e+003,-5.399148e-002
3.856997e+003,2.363697e-002
3.860854e+003,1.166392e-001
3.864711e+003,2.108067e-001
3.868568e+003,2.854793e-001
3.872425e+003,3.170617e-001
3.876282e+003,2.855218e-001
3.880139e+003,1.821293e-001
3.883996e+003,1.548943e-002
3.887853e+003,-1.871319e-001
3.891710e+003,-3.836943e-001
3.895567e+003,-5.307469e-001
3.899424e+003,-5.938064e-001
3.903281e+003,-5.585281e-001
3.907138e+003,-4.356403e-001
3.910995e+003,-2.579366e-001
3.914852e+003,-7.005803e-002
3.918709e+003,8.535036e-002
3.922566e+003,1.822992e-001
3.926423e+003,2.135549e-001
3.930280e+003,1.929395e-001
3.934137e+003,1.457772e-001
3.937994e+003,9.715445e-002
3.941851e+003,6.172355e-002
3.945708e+003,3.938633e-002
3.949565e+003,1.853275e-002
3.953422e+003,-3.250606e-003
3.957279e+003,-5.592719e-002
3.961136e+003,-1.353919e-001
3.964993e+003,-2.203110e-001
3.968850e+003,-2.809253e-001
3.972707e+003,-2.931552e-001
3.976564e+003,-2.507436e-001
3.980421e+003,-1.689161e-001
3.984278e+003,-1.132199e-001
3.988135e+003,-7.701623e-002
3.991992e+003,-6.586435e-002
3.995849e+003,-6.277654e-002
3.999706e+003,-3.765763e-002
4.003563e+003,3.378013e-002
4.007420e+003,1.529033e-001
4.011277e+003,2.934485e-001
4.015134e+003,4.295681e-001
4.018991e+003,5.124685e-001
4.022848e+003,5.269766e-001
4.026705e+003,4.805030e-001
4.030562e+003,3.994303e-001
4.034419e+003,3.169619e-001
4.038276e+003,2.590615e-001
4.042133e+003,2.354335e-001
4.045990e+003,2.349510e-001
4.049847e+003,2.512239e-001
4.053704e+003,2.786568e-001
4.057561e+003,3.169239e-001
4.061418e+003,3.711181e-001
4.065275e+003,4.473957e-001
4.069132e+003,5.470018e-001
4.072989e+003,6.621445e-001
4.076846e+003,8.012612e-001
4.080703e+003,9.248412e-001
4.084560e+003,1.014350e+000
4.088417e+003,1.060544e+000
4.092274e+003,1.065817e+000
4.096131e+003,1.041218e+000
4.099988e+003,9.995296e-001
4.103845e+003,9.477438e-001
4.107702e+003,8.930144e-001
4.111559e+003,8.053150e-001
4.115416e+003,6.831970e-001
4.119273e+003,5.328018e-001
4.123130e+003,3.727134e-001
4.126987e+003,2.323768e-001
4.130844e+003,1.430314e-001
4.134701e+003,1.245077e-001
4.138558e+003,1.777699e-001
4.142415e+003,2.718336e-001
4.146272e+003,3.635075e-001
4.150129e+003,4.123125e-001
4.153986e+003,3.975105e-001
4.157843e+003,3.260431e-001
4.161700e+003,2.275093e-001
4.165557e+003,1.389215e-001
4.169414e+003,6.612898e-002
4.173271e+003,2.369021e-002
4.177128e+003,1.039954e-002
4.180985e+003,1.595031e-002
4.184842e+003,2.732450e-002
4.188699e+003,3.489166e-002
4.192556e+003,3.515310e-002
4.196413e+003,2.916966e-002
4.200270e+003,1.035970e-002
4.204127e+003,-1.782438e-002
4.207984e+003,-6.128605e-002
4.211841e+003,-1.250310e-001
4.215698e+003,-2.087816e-001
4.219555e+003,-3.035184e-001
4.223412e+003,-3.912179e-001
4.227269e+003,-4.487350e-001
4.231125e+003,-4.641127e-001
4.234983e+003,-4.172291e-001
4.238840e+003,-3.097729e-001
4.242697e+003,-1.573384e-001
4.246554e+003,1.464683e-002
4.250411e+003,1.779618e-001
4.254268e+003,3.090808e-001
4.258125e+003,3.945889e-001
4.261982e+003,4.427001e-001
4.265839e+003,4.589866e-001
4.269696e+003,4.534302e-001
4.273553e+003,4.372148e-001
4.277410e+003,4.195921e-001
4.281267e+003,4.055010e-001
4.285124e+003,3.942732e-001
4.288980e+003,3.796692e-001
4.292838e+003,3.839774e-001
4.296695e+003,3.677349e-001
4.300552e+003,3.233811e-001
4.304409e+003,2.476754e-001
4.308266e+003,1.433095e-001
4.312123e+003,1.803277e-002
4.315979e+003,-1.183816e-001
4.319836e+003,-2.571017e-001
4.323694e+003,-4.053882e-001
4.327551e+003,-5.370029e-001
4.331408e+003,-6.399904e-001
4.335265e+003,-6.989998e-001
4.339122e+003,-6.978780e-001
4.342979e+003,-6.261069e-001
4.346835e+003,-4.864306e-001
4.350693e+003,-2.998013e-001
4.354550e+003,-7.176204e-002
4.358407e+003,1.422448e-001
4.362264e+003,3.019124e-001
4.366121e+003,3.821292e-001
4.369978e+003,3.786666e-001
4.373834e+003,3.076507e-001
4.377691e+003,1.992405e-001
4.381549e+003,8.810294e-002
4.385406e+003,6.629610e-002
4.389263e+003,8.231294e-002
4.393120e+003,1.340902e-001
4.396977e+003,2.078399e-001
4.400833e+003,2.839044e-001
4.404690e+003,3.439144e-001
4.408547e+003,3.771567e-001
4.412405e+003,3.843222e-001
4.416262e+003,3.790679e-001
4.420119e+003,3.794371e-001
4.423976e+003,4.013563e-001
4.427833e+003,4.520026e-001
4.431689e+003,5.242719e-001
4.435546e+003,5.963337e-001
4.439403e+003,6.377674e-001
4.443261e+003,6.209717e-001
4.447118e+003,5.380201e-001
4.450975e+003,4.010701e-001
4.454832e+003,2.437674e-001
4.458688e+003,1.127028e-001
4.462545e+003,5.458941e-002
4.466402e+003,1.018794e-001
4.470260e+003,2.614753e-001
4.474117e+003,5.105532e-001
4.477974e+003,7.953856e-001
4.481831e+003,1.061403e+000
4.485688e+003,1.251953e+000
4.489544e+003,1.325936e+000
4.493401e+003,1.267083e+000
4.497258e+003,1.086351e+000
4.501116e+003,8.172886e-001
4.504973e+003,5.063158e-001
4.508830e+003,1.984860e-001
4.512687e+003,-6.241187e-002
4.516543e+003,-2.496978e-001
4.520400e+003,-3.527221e-001
4.524257e+003,-3.746471e-001
4.528114e+003,-3.278944e-001
4.531972e+003,-2.293544e-001
4.535829e+003,-9.684952e-002
4.539686e+003,5.531897e-002
4.543542e+003,2.074699e-001
4.547399e+003,3.458644e-001
4.551256e+003,4.600354e-001
4.555113e+003,5.437949e-001
4.558971e+003,5.964315e-001
4.562828e+003,6.230347e-001
4.566685e+003,6.333746e-001
4.570542e+003,6.439685e-001
4.574398e+003,6.611937e-001
4.578255e+003,6.893361e-001
4.582112e+003,7.260956e-001
4.585969e+003,7.634930e-001
4.589827e+003,7.906822e-001
4.593684e+003,7.977122e-001
4.597541e+003,7.787240e-001
4.601397e+003,7.245845e-001
4.605254e+003,6.394576e-001
4.609111e+003,5.339528e-001
4.612969e+003,4.210591e-001
4.616826e+003,3.133376e-001
4.620683e+003,2.211952e-001
4.624540e+003,1.524328e-001
4.628396e+003,1.127213e-001
4.632253e+003,9.247658e-002
4.636110e+003,1.160535e-001
4.639967e+003,1.817082e-001
4.643825e+003,2.823618e-001
4.647682e+003,4.049796e-001
4.651539e+003,5.307696e-001
4.655396e+003,6.371032e-001
4.659252e+003,7.014478e-001
4.663109e+003,7.207202e-001
4.666966e+003,6.788562e-001
4.670824e+003,5.820664e-001
4.674681e+003,4.508628e-001
4.678538e+003,3.165827e-001
4.682395e+003,2.138158e-001
4.686251e+003,1.708152e-001
4.690108e+003,2.009918e-001
4.693965e+003,2.798483e-001
4.697822e+003,3.932195e-001
4.701680e+003,5.156352e-001
4.705537e+003,6.199465e-001
4.709394e+003,6.844814e-001
4.713250e+003,6.978306e-001
4.717107e+003,6.599780e-001
4.720964e+003,5.800288e-001
4.724821e+003,4.619224e-001
4.728678e+003,3.407545e-001
4.732536e+003,2.284514e-001
4.736393e+003,1.322125e-001
4.740250e+003,5.473825e-002
4.744106e+003,-4.735008e-003
4.747963e+003,-4.927922e-002
4.751820e+003,-8.318371e-002
4.755677e+003,-1.056893e-001
4.759535e+003,-1.274145e-001
4.763392e+003,-1.479922e-001
4.767249e+003,-1.615052e-001
4.771105e+003,-1.579660e-001
4.774962e+003,-1.272226e-001
4.778819e+003,-6.433135e-002
4.782676e+003,2.583168e-002
4.786533e+003,1.122255e-001
4.790391e+003,1.871054e-001
4.794248e+003,2.285634e-001
4.798104e+003,2.179778e-001
4.801961e+003,1.453409e-001
4.805818e+003,1.284690e-002
4.809675e+003,-1.643720e-001
4.813532e+003,-3.607058e-001
4.817389e+003,-5.385630e-001
4.821247e+003,-6.737124e-001
4.825104e+003,-7.443463e-001
4.828960e+003,-7.400293e-001
4.832817e+003,-6.640843e-001
4.836674e+003,-5.328460e-001
4.840531e+003,-3.717822e-001
4.844388e+003,-2.096194e-001
4.848246e+003,-7.162938e-002
4.852103e+003,2.273789e-002
4.855959e+003,6.946003e-002
4.859816e+003,7.611083e-002
4.863673e+003,5.776048e-002
4.867530e+003,3.119444e-002
4.871387e+003,9.653378e-003
4.875244e+003,-3.190525e-004
4.879102e+003,4.807208e-003
4.882958e+003,1.439615e-002
4.886815e+003,2.010700e-002
4.890672e+003,1.840121e-002
4.894529e+003,1.289153e-002
4.898386e+003,1.325455e-002
4.902243e+003,3.156385e-002
4.906100e+003,7.775964e-002
4.909958e+003,1.438583e-001
4.913814e+003,2.379703e-001
4.917671e+003,3.476859e-001
4.921528e+003,4.577160e-001
4.925385e+003,5.559368e-001
4.929242e+003,6.367269e-001
4.933099e+003,7.003250e-001
4.936956e+003,7.490650e-001
4.940813e+003,7.881879e-001
4.944670e+003,8.071972e-001
4.948527e+003,7.960826e-001
4.952384e+003,7.443834e-001
4.956241e+003,6.458716e-001
4.960098e+003,5.022611e-001
4.963955e+003,3.245599e-001
4.967813e+003,1.319249e-001
4.971669e+003,-3.635620e-002
4.975526e+003,-1.779229e-001
4.979383e+003,-2.699283e-001
4.983240e+003,-2.973945e-001
4.987097e+003,-2.554709e-001
4.990954e+003,-1.503594e-001
4.994811e+003,8.443948e-004
4.998668e+003,1.718271e-001
5.002525e+003,3.284914e-001
5.006382e+003,4.431177e-001
5.010239e+003,4.913075e-001
5.014096e+003,4.595548e-001
5.017953e+003,3.492602e-001
5.021810e+003,1.780401e-001
5.025667e+003,-2.269914e-002
5.029524e+003,-2.137895e-001
5.033381e+003,-3.520795e-001
5.037238e+003,-4.160226e-001
5.041095e+003,-3.932520e-001
5.044952e+003,-2.884674e-001
5.048809e+003,-1.212676e-001
5.052666e+003,7.954928e-002
5.056523e+003,2.830011e-001
5.060380e+003,4.621350e-001
5.064237e+003,5.857274e-001
5.068094e+003,6.758651e-001
5.071951e+003,7.318292e-001
5.075808e+003,7.462294e-001
5.079665e+003,7.059644e-001
5.083522e+003,5.998377e-001
5.087379e+003,4.287697e-001
5.091236e+003,2.122919e-001
5.095093e+003,-4.817710e-002
5.098950e+003,-2.916135e-001
5.102807e+003,-4.717029e-001
5.106664e+003,-5.752838e-001
5.110521e+003,-6.228730e-001
5.114378e+003,-6.478988e-001
5.118235e+003,-6.696826e-001
5.122092e+003,-6.788667e-001
5.125949e+003,-6.714731e-001
5.129806e+003,-6.526066e-001
5.133663e+003,-6.223840e-001
5.137520e+003,-5.824108e-001
5.141377e+003,-5.356948e-001
5.145234e+003,-4.851568e-001
5.149091e+003,-4.316897e-001
5.152948e+003,-3.727782e-001
5.156805e+003,-3.121664e-001
5.160662e+003,-2.340239e-001
5.164519e+003,-1.343475e-001
5.168376e+003,-1.344565e-002
5.172233e+003,1.228753e-001
5.176090e+003,2.636809e-001
5.179947e+003,3.948372e-001
5.183804e+003,5.022066e-001
5.187661e+003,5.714355e-001
5.191518e+003,6.064063e-001
5.195375e+003,6.103396e-001
5.199232e+003,5.917976e-001
5.203089e+003,5.619713e-001
5.206946e+003,5.311795e-001
5.210803e+003,5.055165e-001
5.214660e+003,4.848370e-001
5.218517e+003,4.887562e-001
5.222374e+003,4.530174e-001
5.226231e+003,3.636108e-001
5.230088e+003,2.185802e-001
5.233945e+003,3.046282e-002
5.237802e+003,-1.748567e-001
5.241659e+003,-3.628026e-001
5.245516e+003,-4.973991e-001
5.249373e+003,-5.339160e-001
5.253230e+003,-4.473243e-001
5.257087e+003,-2.613322e-001
5.260944e+003,-3.193918e-002
5.264801e+003,1.687238e-001
5.268658e+003,2.757102e-001
5.272515e+003,2.538077e-001
5.276372e+003,1.099215e-001
5.280229e+003,2.865189e-002
5.284086e+003,-3.617641e-002
5.287943e+003,-7.659522e-002
5.291800e+003,-9.480998e-002
5.295657e+003,-1.024861e-001
5.299514e+003,-1.166340e-001
5.303371e+003,-1.533070e-001
5.307228e+003,-2.212888e-001
5.311085e+003,-3.099007e-001
5.314942e+003,-4.123739e-001
5.318799e+003,-5.024843e-001
5.322656e+003,-5.527732e-001
5.326513e+003,-5.412239e-001
5.330370e+003,-4.565277e-001
5.334227e+003,-3.003265e-001
5.338084e+003,-8.691027e-002
5.341941e+003,1.686233e-001
5.345798e+003,4.212601e-001
5.349655e+003,6.395382e-001
5.353512e+003,7.967421e-001
5.357369e+003,8.748983e-001
5.361226e+003,8.677662e-001
5.365083e+003,7.822650e-001
5.368940e+003,6.372330e-001
5.372797e+003,4.226010e-001
5.376654e+003,2.015506e-001
5.380511e+003,5.599707e-003
5.384368e+003,-1.471526e-001
5.388225e+003,-2.529178e-001
5.392082e+003,-3.173706e-001
5.395939e+003,-3.479016e-001
5.399796e+003,-3.476111e-001
5.403653e+003,-3.272184e-001
5.407510e+003,-2.839694e-001
5.411367e+003,-2.161546e-001
5.415224e+003,-1.277227e-001
5.419081e+003,-2.954133e-002
5.422938e+003,6.282720e-002
5.426795e+003,1.337093e-001
5.430652e+003,1.721862e-001
5.434509e+003,1.648922e-001
5.438366e+003,1.435736e-001
5.442223e+003,1.157252e-001
5.446080e+003,8.918782e-002
5.449937e+003,7.010216e-002
5.453794e+003,6.153661e-002
5.457651e+003,6.288050e-002
5.461508e+003,7.032761e-002
5.465365e+003,9.131514e-002
5.469222e+003,1.046978e-001
5.473079e+003,1.018740e-001
5.476936e+003,7.653604e-002
5.480793e+003,2.618376e-002
5.484650e+003,-4.668061e-002
5.488507e+003,-1.339546e-001
5.492364e+003,-2.221478e-001
5.496221e+003,-3.264591e-001
5.500078e+003,-4.084036e-001
5.503935e+003,-4.429452e-001
5.507792e+003,-4.113000e-001
5.511649e+003,-3.074975e-001
5.515506e+003,-1.421154e-001
5.519363e+003,5.892793e-002
5.523220e+003,2.608137e-001
5.527077e+003,4.201735e-001
5.530934e+003,5.489420e-001
5.534791e+003,6.358095e-001
5.538648e+003,6.857481e-001
5.542505e+003,7.111939e-001
5.546362e+003,7.206395e-001
5.550219e+003,7.118591e-001
5.554076e+003,6.732687e-001
5.557933e+003,5.934230e-001
5.561790e+003,4.815055e-001
5.565647e+003,3.427264e-001
5.569504e+003,1.884933e-001
5.573361e+003,3.391339e-002
5.577218e+003,-1.058051e-001
5.581075e+003,-2.180770e-001
5.584932e+003,-2.941269e-001
5.588789e+003,-3.289888e-001
5.592646e+003,-3.198692e-001
5.596503e+003,-2.642211e-001
5.600360e+003,-1.658602e-001
5.604217e+003,-3.624175e-002
5.608074e+003,1.070076e-001
5.611931e+003,2.442947e-001
5.615788e+003,3.596062e-001
5.619645e+003,4.501242e-001
5.623502e+003,5.099632e-001
5.627359e+003,5.472587e-001
5.631216e+003,5.737779e-001
5.635073e+003,5.992526e-001
5.638930e+003,6.270114e-001
5.642787e+003,6.525319e-001
5.646644e+003,6.651408e-001
5.650501e+003,6.533061e-001
5.654358e+003,6.058493e-001
5.658215e+003,5.157874e-001
5.662072e+003,3.821736e-001
5.665929e+003,2.108691e-001
5.669786e+003,1.463235e-002
5.673643e+003,-1.874173e-001
5.677500e+003,-3.712116e-001
5.681357e+003,-5.110973e-001
5.685214e+003,-5.842985e-001
5.689071e+003,-5.745246e-001
5.692928e+003,-4.781286e-001
5.696785e+003,-3.062449e-001
5.700642e+003,-8.305708e-002
5.704499e+003,1.596747e-001
5.708355e+003,3.899544e-001
5.712213e+003,5.772569e-001
5.716070e+003,7.117411e-001
5.719927e+003,7.893006e-001
5.723784e+003,8.131487e-001
5.727641e+003,7.900383e-001
5.731498e+003,7.277184e-001
5.735354e+003,6.347291e-001
5.739212e+003,5.215896e-001
5.743069e+003,3.981129e-001
5.746926e+003,2.829045e-001
5.750783e+003,1.901393e-001
5.754640e+003,1.280264e-001
5.758497e+003,9.530496e-002
5.762354e+003,8.101393e-002
5.766210e+003,6.849328e-002
5.770068e+003,4.218138e-002
5.773925e+003,-4.296288e-003
5.777782e+003,-7.054785e-002
5.781639e+003,-1.420596e-001
5.785496e+003,-1.988022e-001
5.789353e+003,-2.228253e-001
5.793209e+003,-2.047809e-001
5.797066e+003,-1.467296e-001
5.800924e+003,-6.054033e-002
5.804781e+003,2.929464e-002
5.808638e+003,1.146012e-001
5.812495e+003,1.853944e-001
5.816352e+003,2.388363e-001
5.820208e+003,2.778113e-001
5.824065e+003,3.077416e-001
5.827922e+003,3.335469e-001
5.831780e+003,3.580391e-001
5.835637e+003,3.837441e-001
5.839494e+003,4.096070e-001
5.843351e+003,4.330854e-001
5.847208e+003,4.509845e-001
5.851064e+003,4.591600e-001
5.854921e+003,4.525362e-001
5.858779e+003,4.263335e-001
5.862636e+003,3.786822e-001
5.866493e+003,3.139198e-001
5.870350e+003,2.425155e-001
5.874207e+003,1.804473e-001
5.878063e+003,1.438839e-001
5.881920e+003,1.427734e-001
5.885777e+003,1.759409e-001
5.889635e+003,2.305456e-001
5.893492e+003,2.868115e-001
5.897349e+003,3.260161e-001
5.901206e+003,3.426106e-001
5.905063e+003,3.430325e-001
5.908919e+003,3.457372e-001
5.912776e+003,3.731364e-001
5.916633e+003,4.409805e-001
5.920491e+003,5.500959e-001
5.924348e+003,6.843388e-001
5.928205e+003,8.199767e-001
5.932062e+003,9.226758e-001
5.935918e+003,9.728830e-001
5.939775e+003,9.671536e-001
5.943632e+003,9.176886e-001
5.947490e+003,8.458406e-001
5.951347e+003,7.729926e-001
5.955204e+003,7.128385e-001
5.959061e+003,6.704113e-001
5.962917e+003,6.366853e-001
5.966774e+003,6.018020e-001
5.970631e+003,5.567569e-001
5.974488e+003,4.958851e-001
5.978346e+003,4.167403e-001
5.982203e+003,3.186010e-001
5.986060e+003,2.016232e-001
5.989917e+003,7.258964e-002
5.993773e+003,-6.963766e-002
5.997630e+003,-2.138026e-001
6.001487e+003,-3.419908e-001
6.005344e+003,-4.334565e-001
6.009202e+003,-4.710202e-001
6.013059e+003,-4.472693e-001
6.016916e+003,-3.676507e-001
6.020772e+003,-2.485459e-001
6.024629e+003,-1.131796e-001
6.028486e+003,1.741815e-002
6.032343e+003,1.299098e-001
6.036201e+003,2.204500e-001
6.040058e+003,2.919470e-001
6.043915e+003,3.488260e-001
6.047771e+003,3.923351e-001
6.051628e+003,4.170961e-001
6.055485e+003,4.179530e-001
6.059342e+003,3.896356e-001
6.063199e+003,3.320657e-001
6.067057e+003,2.519648e-001
6.070914e+003,1.611637e-001
6.074771e+003,7.262674e-002
6.078627e+003,-3.870573e-003
6.082484e+003,-6.372751e-002
6.086341e+003,-1.108480e-001
6.090198e+003,-1.481378e-001
6.094055e+003,-1.773086e-001
6.097913e+003,-1.961584e-001
6.101770e+003,-1.982443e-001
6.105626e+003,-1.749984e-001
6.109483e+003,-1.195874e-001
6.113340e+003,-3.521210e-002
6.117197e+003,7.588890e-002
6.121054e+003,1.997982e-001
6.124911e+003,3.185325e-001
6.128769e+003,4.148869e-001
6.132625e+003,4.769495e-001
6.136482e+003,5.009111e-001
6.140339e+003,4.911930e-001
6.144196e+003,4.544228e-001
6.148053e+003,4.057074e-001
6.151910e+003,3.540851e-001
6.155768e+003,3.046696e-001
6.159625e+003,2.589986e-001
6.163481e+003,2.166792e-001
6.167338e+003,1.776005e-001
6.171195e+003,1.434581e-001
6.175052e+003,1.121571e-001
6.178909e+003,9.759390e-002
6.182766e+003,1.056424e-001
6.186624e+003,1.390375e-001
6.190480e+003,1.961106e-001
6.194337e+003,2.705244e-001
6.198194e+003,3.522388e-001
6.202051e+003,4.294921e-001
6.205908e+003,4.903226e-001
6.209765e+003,5.282885e-001
6.213622e+003,5.418993e-001
6.217479e+003,5.351840e-001
6.221336e+003,5.157638e-001
6.225193e+003,4.913926e-001
6.229050e+003,4.664817e-001
6.232907e+003,4.401181e-001
6.236764e+003,3.971451e-001
6.240621e+003,3.430029e-001
6.244479e+003,2.742090e-001
6.248335e+003,1.930074e-001
6.252192e+003,1.077492e-001
6.256049e+003,3.005456e-002
6.259906e+003,-2.995729e-002
6.263763e+003,-6.807408e-002
6.267620e+003,-8.265819e-002
6.271477e+003,-8.731559e-002
6.275334e+003,-9.548114e-002
6.279191e+003,-1.164776e-001
6.283048e+003,-1.516282e-001
6.286905e+003,-1.936567e-001
6.290762e+003,-2.292765e-001
6.294619e+003,-2.435789e-001
6.298476e+003,-2.248094e-001
6.302333e+003,-1.643003e-001
6.306190e+003,-5.941981e-002
6.310047e+003,8.498205e-002
6.313904e+003,2.563088e-001
6.317761e+003,4.347828e-001
6.321618e+003,5.955360e-001
6.325475e+003,7.128529e-001
6.329332e+003,7.662315e-001
6.333189e+003,7.442767e-001
6.337046e+003,6.508570e-001
6.340903e+003,5.034799e-001
6.344760e+003,3.282991e-001
6.348617e+003,1.525942e-001
6.352474e+003,-2.159104e-003
6.356331e+003,-1.240538e-001
6.360188e+003,-2.046146e-001
6.364045e+003,-2.532532e-001
6.367902e+003,-2.754570e-001
6.371759e+003,-2.755577e-001
6.375616e+003,-2.557037e-001
6.379473e+003,-2.166995e-001
6.383330e+003,-1.596486e-001
6.387187e+003,-8.717372e-002
6.391044e+003,-7.416412e-003
6.394901e+003,7.966702e-002
6.398758e+003,1.703499e-001
6.402615e+003,2.596095e-001
6.406472e+003,3.410878e-001
6.410329e+003,4.078764e-001
6.414186e+003,4.544016e-001
6.418043e+003,4.789084e-001
6.421900e+003,4.870023e-001
6.425757e+003,4.858076e-001
6.429614e+003,4.880683e-001
6.433471e+003,5.057085e-001
6.437328e+003,5.448239e-001
6.441185e+003,6.024721e-001
6.445042e+003,6.669578e-001
6.448899e+003,7.218318e-001
6.452756e+003,7.512785e-001
6.456613e+003,7.489389e-001
6.460470e+003,7.178087e-001
6.464327e+003,6.698596e-001
6.468184e+003,6.210648e-001
6.472041e+003,5.848898e-001
6.475898e+003,5.670482e-001
6.479755e+003,5.636235e-001
6.483612e+003,5.633235e-001
6.487469e+003,5.520403e-001
6.491326e+003,5.184343e-001
6.495183e+003,4.577177e-001
6.499040e+003,3.726163e-001
6.502897e+003,2.716311e-001
6.506754e+003,1.657809e-001
6.510611e+003,6.545445e-002
6.514468e+003,-2.174096e-002
6.518325e+003,-9.120265e-002
6.522182e+003,-1.414570e-001
6.526039e+003,-1.734062e-001
6.529896e+003,-1.897713e-001
6.533753e+003,-1.945385e-001
6.537610e+003,-1.920741e-001
6.541467e+003,-1.855669e-001
6.545324e+003,-1.753083e-001
6.549181e+003,-1.575369e-001
6.553038e+003,-1.248604e-001
6.556895e+003,-6.864262e-002
6.560752e+003,1.743312e-002
6.564609e+003,1.337681e-001
6.568466e+003,2.732102e-001
6.572323e+003,4.222229e-001
6.576180e+003,5.648804e-001
6.580037e+003,6.877348e-001
6.583894e+003,7.836314e-001
6.587751e+003,8.528862e-001
6.591608e+003,9.012409e-001
6.595465e+003,9.356533e-001
6.599322e+003,9.601291e-001
6.603179e+003,9.736972e-001
6.607036e+003,9.710495e-001
6.610893e+003,9.476549e-001
6.614750e+003,9.035896e-001
6.618607e+003,8.459347e-001
6.622464e+003,7.878816e-001
6.626321e+003,7.444431e-001
6.630178e+003,7.265546e-001
6.634035e+003,7.361710e-001
6.637892e+003,7.629728e-001
6.641749e+003,7.922103e-001
6.645606e+003,8.061303e-001
6.649463e+003,7.925820e-001
6.653320e+003,7.500855e-001
6.657177e+003,6.886395e-001
6.661034e+003,6.258193e-001
6.664891e+003,5.796424e-001
6.668748e+003,5.603712e-001
6.672605e+003,5.688264e-001
6.676462e+003,5.923373e-001
6.680319e+003,6.107509e-001
6.684176e+003,6.041719e-001
6.688033e+003,5.606568e-001
6.691890e+003,4.809447e-001
6.695747e+003,3.784043e-001
6.699604e+003,2.751245e-001
6.703461e+003,1.922927e-001
6.707318e+003,1.455264e-001
6.711175e+003,1.398908e-001
6.715032e+003,1.698626e-001
6.718889e+003,2.229033e-001
6.722746e+003,2.845947e-001
6.726603e+003,3.429120e-001
6.730460e+003,3.899640e-001
6.734317e+003,4.206259e-001
6.738174e+003,4.307780e-001
6.742031e+003,4.150617e-001
6.745888e+003,3.671889e-001
6.749745e+003,2.827595e-001
6.753602e+003,1.633087e-001
6.757459e+003,1.942725e-002
6.761316e+003,-1.298550e-001
6.765173e+003,-2.593701e-001
6.769030e+003,-3.462391e-001
6.772887e+003,-3.766967e-001
6.776744e+003,-3.508453e-001
6.780601e+003,-2.828526e-001
6.784458e+003,-1.962702e-001
6.788315e+003,-1.163621e-001
6.792172e+003,-6.216438e-002
6.796029e+003,-4.128467e-002
6.799886e+003,-4.995808e-002
6.803743e+003,-7.636505e-002
6.807600e+003,-1.063771e-001
6.811457e+003,-1.290781e-001
6.815314e+003,-1.397168e-001
6.819171e+003,-1.394479e-001
6.823028e+003,-1.322923e-001
6.826885e+003,-1.219622e-001
6.830742e+003,-1.077967e-001
6.834599e+003,-8.471811e-002
6.838456e+003,-4.501604e-002
6.842313e+003,1.829255e-002
6.846170e+003,1.080333e-001
6.850027e+003,2.205748e-001
6.853884e+003,3.456845e-001
6.857741e+003,4.682223e-001
6.861598e+003,5.716845e-001
6.865455e+003,6.420971e-001
6.869312e+003,6.714969e-001
6.873169e+003,6.598004e-001
6.877026e+003,6.146607e-001
6.880883e+003,5.491139e-001
6.884740e+003,4.775949e-001
6.888597e+003,4.116687e-001
6.892454e+003,3.567675e-001
6.896311e+003,3.113109e-001
6.900168e+003,2.682024e-001
6.904025e+003,2.183928e-001
6.907882e+003,1.554011e-001
6.911739e+003,7.907848e-002
6.915596e+003,-4.854262e-003
6.919453e+003,-7.826047e-002
6.923310e+003,-1.228134e-001
6.927167e+003,-1.218840e-001
6.931024e+003,-6.500866e-002
6.934881e+003,4.886648e-002
6.938738e+003,2.100839e-001
6.942595e+003,3.989668e-001
6.946452e+003,5.897151e-001
6.950309e+003,7.507321e-001
6.954166e+003,8.525198e-001
6.958023e+003,8.728139e-001
6.961880e+003,8.022842e-001
6.965737e+003,6.486148e-001
6.969594e+003,4.373081e-001
6.973451e+003,2.080842e-001
6.977308e+003,6.806608e-003
6.981165e+003,-1.256551e-001
6.985021e+003,-1.642771e-001
6.988879e+003,-1.071476e-001
6.992736e+003,2.361092e-002
6.996593e+003,1.880154e-001
7.000450e+003,3.397871e-001
7.004307e+003,4.396766e-001
7.008164e+003,4.655843e-001
7.012021e+003,4.178513e-001
7.015878e+003,3.156809e-001
7.019735e+003,1.887452e-001
7.023592e+003,6.646183e-002
7.027449e+003,-3.081286e-002
7.031306e+003,-9.584799e-002
7.035163e+003,-1.330410e-001
7.039020e+003,-1.538365e-001
7.042876e+003,-1.676464e-001
7.046734e+003,-1.802076e-001
7.050591e+003,-1.917366e-001
7.054448e+003,-1.990884e-001
7.058305e+003,-1.993620e-001
7.062162e+003,-1.927693e-001
7.066019e+003,-1.831014e-001
7.069875e+003,-1.751570e-001
7.073732e+003,-1.741746e-001
7.077590e+003,-1.805801e-001
7.081447e+003,-1.902764e-001
7.085304e+003,-1.965469e-001
7.089161e+003,-1.934460e-001
7.093018e+003,-1.790028e-001
7.096875e+003,-1.565137e-001
7.100731e+003,-2.893186e-001
7.104588e+003,-3.693393e-001
7.108446e+003,-3.918973e-001
7.112303e+003,-3.724303e-001
7.116160e+003,-3.289951e-001
7.120017e+003,-2.715964e-001
7.123874e+003,-2.020866e-001
7.127730e+003,-1.197020e-001
7.131587e+003,-2.102761e-001
7.135445e+003,-3.089418e-001
7.139302e+003,-3.997841e-001
7.143159e+003,-4.677869e-001
7.147016e+003,-5.022265e-001
7.150873e+003,-4.984795e-001
7.154729e+003,-4.580652e-001
7.158586e+003,-3.871832e-001
7.162443e+003,-2.942245e-001
7.166301e+003,-1.885030e-001
7.170158e+003,-7.943667e-002
7.174015e+003,2.503062e-002
7.177872e+003,1.184971e-001
7.181729e+003,1.959628e-001
7.185585e+003,2.539712e-001
7.189442e+003,2.909158e-001
7.193299e+003,3.073900e-001
7.197157e+003,3.062443e-001
7.201014e+003,2.920514e-001
7.204871e+003,2.700709e-001
7.208728e+003,2.449778e-001
7.212584e+003,2.199148e-001
7.216441e+003,1.961124e-001
7.220298e+003,1.733460e-001
7.224156e+003,1.508084e-001
7.228013e+003,1.282474e-001
7.231870e+003,1.064667e-001
7.235727e+003,8.738957e-002
7.239583e+003,7.342590e-002
7.243440e+003,6.675262e-002
7.247297e+003,6.876835e-002
7.251154e+003,8.011529e-002
7.255012e+003,1.010036e-001
7.258869e+003,1.327143e-001
7.262726e+003,1.771858e-001
7.266583e+003,2.366554e-001
7.270439e+003,3.125833e-001
7.274296e+003,4.039559e-001
7.278153e+003,5.062091e-001
7.282010e+003,6.108375e-001
7.285868e+003,7.068429e-001
7.289725e+003,7.808568e-001
7.293582e+003,8.225868e-001
7.297438e+003,8.260683e-001
7.301295e+003,7.907785e-001
7.305152e+003,7.212727e-001
7.309009e+003,6.259668e-001
7.312867e+003,5.152363e-001
7.316724e+003,3.986986e-001
7.320581e+003,2.897685e-001
7.324438e+003,1.976810e-001
7.328294e+003,1.299495e-001
7.332151e+003,9.217235e-002
7.336008e+003,8.743306e-002
7.339865e+003,1.154677e-001
7.343723e+003,1.718472e-001
7.347580e+003,2.447701e-001
7.351437e+003,3.236276e-001
7.355293e+003,3.961375e-001
7.359150e+003,4.512334e-001
7.363007e+003,4.811194e-001
7.366864e+003,4.827222e-001
7.370721e+003,4.580657e-001
7.374579e+003,4.134304e-001
7.378436e+003,3.538204e-001
7.382292e+003,2.920506e-001
7.386149e+003,2.356545e-001
7.390006e+003,1.893114e-001
7.393863e+003,1.544528e-001
7.397720e+003,1.297448e-001
7.401577e+003,1.122757e-001
7.405435e+003,9.895340e-002
7.409292e+003,8.777588e-002
7.413148e+003,7.801743e-002
7.417005e+003,7.095260e-002
7.420862e+003,6.877773e-002
7.424719e+003,7.352285e-002
7.428576e+003,8.598450e-002
7.432434e+003,1.050965e-001
7.436291e+003,1.280736e-001
7.440147e+003,1.523671e-001
7.444004e+003,1.746733e-001
7.447861e+003,1.930278e-001
7.451718e+003,2.081023e-001
7.455575e+003,2.233956e-001
7.459432e+003,2.441943e-001
7.463290e+003,2.754531e-001
7.467146e+003,3.194800e-001
7.471003e+003,3.705407e-001
7.474860e+003,4.256831e-001
7.478717e+003,4.768471e-001
7.482574e+003,5.157298e-001
7.486431e+003,5.364953e-001
7.490288e+003,5.376768e-001
7.494146e+003,5.222368e-001
7.498002e+003,4.958756e-001
7.501859e+003,4.626728e-001
7.505716e+003,4.273245e-001
7.509573e+003,3.899638e-001
7.513430e+003,3.485165e-001
7.517287e+003,3.010788e-001
7.521145e+003,2.486206e-001
7.525001e+003,1.964897e-001
7.528858e+003,1.538549e-001
7.532715e+003,1.310501e-001
7.536572e+003,1.356785e-001
7.540429e+003,1.692829e-001
7.544286e+003,2.256327e-001
7.548143e+003,2.915170e-001
7.552000e+003,3.499116e-001
7.555857e+003,3.843468e-001
7.559714e+003,3.832070e-001
7.563571e+003,3.423617e-001
7.567428e+003,2.670831e-001
7.571285e+003,1.697286e-001
7.575142e+003,6.710779e-002
7.578999e+003,-2.327871e-002
7.582856e+003,-8.705956e-002
7.586713e+003,-1.160041e-001
7.590570e+003,-1.096913e-001
7.594427e+003,-7.519731e-002
7.598284e+003,-2.556881e-002
7.602141e+003,2.421844e-002
7.605998e+003,6.115743e-002
7.609855e+003,7.761870e-002
7.613712e+003,7.306078e-002
7.617569e+003,5.339021e-002
7.621426e+003,2.824880e-002
7.625283e+003,7.598242e-003
7.629140e+003,-2.563040e-003
7.632997e+003,-2.106708e-004
7.636854e+003,1.314722e-002
7.640711e+003,3.493365e-002
7.644568e+003,6.417055e-002
7.648425e+003,1.028872e-001
7.652282e+003,1.553161e-001
7.656139e+003,2.254748e-001
7.659996e+003,3.143829e-001
7.663853e+003,4.145448e-001
7.667710e+003,5.113050e-001
7.671567e+003,5.860424e-001
7.675424e+003,6.215287e-001
7.679281e+003,6.073756e-001
7.683138e+003,5.436245e-001
7.686995e+003,4.460023e-001
7.690852e+003,3.280138e-001
7.694709e+003,2.117858e-001
7.698566e+003,1.153747e-001
7.702423e+003,4.840504e-002
7.706280e+003,1.102570e-002
7.710137e+003,-4.099917e-003
7.713994e+003,-7.919204e-003
7.717851e+003,-1.312558e-002
7.721708e+003,-3.215529e-002
7.725565e+003,-6.529812e-002
7.729422e+003,-1.060215e-001
7.733279e+003,-1.439993e-001
7.737136e+003,-1.692431e-001
7.740993e+003,-1.760552e-001
7.744850e+003,-1.654486e-001
7.748707e+003,-1.458818e-001
7.752564e+003,-1.304856e-001
7.756421e+003,-1.277940e-001
7.760278e+003,-1.407567e-001
7.764135e+003,-1.647351e-001
7.767992e+003,-1.885362e-001
7.771849e+003,-1.983535e-001
7.775706e+003,-1.831541e-001
7.779563e+003,-1.394964e-001
7.783420e+003,-7.381973e-002
7.787277e+003,1.138065e-003
7.791134e+003,7.203714e-002
7.794991e+003,1.303664e-001
7.798848e+003,1.754787e-001
7.802705e+003,2.138873e-001
7.806562e+003,2.550802e-001
7.810419e+003,3.026507e-001
7.814276e+003,3.594494e-001
7.818133e+003,4.168450e-001
7.821990e+003,4.603043e-001
7.825847e+003,4.749691e-001
7.829704e+003,4.517246e-001
7.833561e+003,3.911478e-001
7.837418e+003,3.038500e-001
7.841275e+003,2.076386e-001
7.845132e+003,1.212905e-001
7.848989e+003,5.984189e-002
7.852846e+003,3.165299e-002
7.856703e+003,3.816459e-002
7.860560e+003,7.584462e-002
7.864417e+003,1.388218e-001
7.868274e+003,2.207962e-001
7.872131e+003,3.157056e-001
7.875988e+003,4.161341e-001
7.879845e+003,5.137315e-001
7.883702e+003,5.989145e-001
7.887559e+003,6.622583e-001
7.891416e+003,6.966954e-001
7.895273e+003,6.995116e-001
7.899130e+003,6.730729e-001
7.902987e+003,6.232794e-001
7.906844e+003,5.588382e-001
7.910701e+003,4.871840e-001
7.914558e+003,4.132913e-001
7.918415e+003,3.395273e-001
7.922272e+003,2.668899e-001
7.926129e+003,1.967140e-001
7.929986e+003,1.318726e-001
7.933843e+003,7.721509e-002
7.937700e+003,3.715767e-002
7.941557e+003,1.482137e-002
7.945414e+003,1.066600e-002
7.949271e+003,2.225390e-002
7.953128e+003,4.498093e-002
7.956985e+003,7.333474e-002
7.960842e+003,1.019371e-001
7.964699e+003,1.256604e-001
7.968556e+003,1.407342e-001
7.972413e+003,1.442883e-001
7.976270e+003,1.350510e-001
7.980127e+003,1.146229e-001
7.983984e+003,8.873788e-002
7.987841e+003,6.745321e-002
7.991698e+003,6.352206e-002
7.995555e+003,8.868516e-002
7.999412e+003,1.497280e-001
8.003269e+003,2.444270e-001
8.007126e+003,3.606989e-001
8.010983e+003,4.789609e-001
8.014840e+003,5.773505e-001
8.018697e+003,6.379910e-001
8.022554e+003,6.519930e-001
8.026411e+003,6.214287e-001
8.030268e+003,5.575003e-001
8.034125e+003,4.757082e-001
8.037982e+003,3.906902e-001
8.041839e+003,3.124702e-001
8.045696e+003,2.453358e-001
8.049553e+003,1.893606e-001
8.053410e+003,1.431543e-001
8.057267e+003,1.063490e-001
8.061124e+003,8.019984e-002
8.064981e+003,6.702492e-002
8.068838e+003,6.830727e-002
8.072695e+003,8.339779e-002
8.076552e+003,1.095409e-001
8.080409e+003,1.433762e-001
8.084266e+003,1.828523e-001
8.088123e+003,2.284711e-001
8.091980e+003,2.825273e-001
8.095837e+003,3.470550e-001
8.099694e+003,4.209002e-001
8.103551e+003,4.978634e-001
8.107408e+003,5.670962e-001
8.111265e+003,6.160408e-001
8.115122e+003,6.348474e-001
8.118979e+003,6.204026e-001
8.122836e+003,5.783750e-001
8.126693e+003,5.217345e-001
8.130550e+003,4.665565e-001
8.134407e+003,4.265004e-001
8.138264e+003,4.081278e-001
8.142121e+003,4.089105e-001
8.145978e+003,4.186161e-001
8.149835e+003,4.233736e-001
8.153692e+003,4.112103e-001
8.157549e+003,3.760325e-001
8.161406e+003,3.197845e-001
8.165263e+003,2.515199e-001
8.169120e+003,1.842257e-001
8.172977e+003,1.305177e-001
8.176834e+003,9.889407e-002
8.180691e+003,9.148023e-002
8.184548e+003,1.043279e-001
8.188405e+003,1.289078e-001
8.192262e+003,1.550118e-001
8.196118e+003,1.735588e-001
8.199976e+003,1.785629e-001
8.203833e+003,1.677947e-001
8.207689e+003,1.421922e-001
8.211547e+003,1.042376e-001
8.215403e+003,5.750336e-002
8.219261e+003,3.773410e-003
8.223117e+003,-5.634136e-002
8.226975e+003,-1.226001e-001
8.230831e+003,-1.937940e-001
8.234688e+003,-2.666115e-001
8.238546e+003,-3.351655e-001
8.242402e+003,-3.895761e-001
8.246260e+003,-4.235506e-001
8.250116e+003,-4.311752e-001
8.253974e+003,-4.107345e-001
8.257830e+003,-3.656297e-001
8.261688e+003,-3.037715e-001
8.265545e+003,-2.356722e-001
8.269401e+003,-1.718904e-001
8.273259e+003,-1.144889e-001
8.277115e+003,-7.399268e-002
8.280973e+003,-4.855563e-002
8.284829e+003,-3.232589e-002
8.288687e+003,-1.777457e-002
8.292543e+003,1.587709e-003
8.296400e+003,2.870129e-002
8.300258e+003,6.154115e-002
8.304114e+003,9.233792e-002
8.307972e+003,1.118583e-001
8.311828e+003,1.100445e-001
8.315686e+003,8.053406e-002
8.319542e+003,2.376167e-002
8.323399e+003,-5.210945e-002
8.327257e+003,-1.329267e-001
8.331113e+003,-2.028113e-001
8.334971e+003,-2.306406e-001
8.338827e+003,-2.319733e-001
8.342685e+003,-2.144158e-001
8.346541e+003,-1.906921e-001
8.350398e+003,-1.744319e-001
8.354256e+003,-1.757373e-001
8.358112e+003,-1.980548e-001
8.361970e+003,-2.374658e-001
8.365826e+003,-2.842019e-001
8.369684e+003,-3.274604e-001
8.373540e+003,-3.556011e-001
8.377397e+003,-3.600791e-001
8.381254e+003,-3.362609e-001
8.385111e+003,-2.830684e-001
8.388969e+003,-2.021707e-001
8.392825e+003,-9.755071e-002
8.396683e+003,2.264160e-002
8.400539e+003,1.497511e-001
8.404396e+003,2.707627e-001
8.408253e+003,3.696857e-001
8.412110e+003,4.299675e-001
8.415968e+003,4.385220e-001
8.419824e+003,3.902312e-001
8.423682e+003,2.913107e-001
8.427538e+003,1.625877e-001
8.431396e+003,2.903464e-002
8.435252e+003,-8.017981e-002
8.439109e+003,-1.405788e-001
8.442967e+003,-1.389043e-001
8.446823e+003,-7.668860e-002
8.450681e+003,3.041707e-002
8.454537e+003,1.573180e-001
8.458395e+003,2.756257e-001
8.462251e+003,3.633296e-001
8.466108e+003,4.085067e-001
8.469965e+003,4.109875e-001
8.473822e+003,3.804557e-001
8.477680e+003,3.322642e-001
8.481536e+003,2.826228e-001
8.485394e+003,2.448382e-001
8.489250e+003,2.274865e-001
8.493107e+003,2.346123e-001
8.496964e+003,2.659169e-001
8.500821e+003,3.181834e-001
8.504679e+003,3.859977e-001
8.508535e+003,4.619457e-001
8.512393e+003,5.367785e-001
8.516249e+003,6.002489e-001
8.520106e+003,6.429294e-001
8.523963e+003,6.573323e-001
8.527820e+003,6.410744e-001
8.531678e+003,5.971392e-001
8.535534e+003,5.330284e-001
8.539392e+003,4.584163e-001
8.543248e+003,3.822710e-001
8.547105e+003,3.104277e-001
8.550962e+003,2.447912e-001
8.554819e+003,1.842163e-001
8.558676e+003,1.266629e-001
8.562533e+003,7.155129e-002
8.566391e+003,2.116740e-002
8.570247e+003,-1.969044e-002
8.574104e+003,-4.549294e-002
8.577961e+003,-5.244808e-002
8.581818e+003,-4.026736e-002
8.585675e+003,-1.295587e-002
8.589532e+003,2.247946e-002
8.593390e+003,5.825901e-002
8.597246e+003,8.798073e-002
8.601104e+003,1.077115e-001
8.604960e+003,1.157445e-001
8.608817e+003,1.113295e-001
8.612674e+003,9.367132e-002
8.616531e+003,6.069285e-002
8.620389e+003,1.130178e-002
8.624245e+003,-5.295666e-002
8.628103e+003,-1.260511e-001
8.631959e+003,-1.971466e-001
8.635816e+003,-2.524840e-001
8.639673e+003,-2.790704e-001
8.643530e+003,-2.709395e-001
8.647387e+003,-2.258939e-001
8.651244e+003,-1.520838e-001
8.655102e+003,-6.367905e-002
8.658958e+003,2.353629e-002
8.662815e+003,9.680472e-002
8.666672e+003,1.495324e-001
8.670529e+003,1.819185e-001
8.674386e+003,1.998281e-001
8.678243e+003,2.102535e-001
8.682101e+003,2.192554e-001
8.685957e+003,2.305874e-001
8.689814e+003,2.456208e-001
8.693672e+003,2.640969e-001
8.697528e+003,2.849230e-001
8.701386e+003,3.064975e-001
8.705242e+003,3.264458e-001
8.709100e+003,3.417867e-001
8.712956e+003,3.490307e-001
8.716813e+003,3.452020e-001
8.720670e+003,3.290965e-001
8.724527e+003,3.021614e-001
8.728385e+003,2.684394e-001
8.732241e+003,2.333924e-001
8.736099e+003,2.014843e-001
8.739955e+003,1.749552e-001
8.743813e+003,1.531705e-001
8.747669e+003,1.332744e-001
8.751526e+003,1.114322e-001
8.755384e+003,8.438410e-002
8.759240e+003,5.060852e-002
8.763098e+003,1.079321e-002
8.766954e+003,-3.322968e-002
8.770812e+003,-7.577334e-002
8.774668e+003,-1.131680e-001
8.778525e+003,-1.425268e-001
8.782382e+003,-1.619733e-001
8.786239e+003,-1.705593e-001
8.790097e+003,-1.681035e-001
8.793953e+003,-1.549554e-001
8.797811e+003,-1.316939e-001
8.801667e+003,-1.002737e-001
8.805524e+003,-6.260281e-002
8.809381e+003,-2.147749e-002
8.813238e+003,1.902222e-002
8.817096e+003,5.335695e-002
8.820952e+003,7.478197e-002
8.824810e+003,7.629286e-002
8.828666e+003,5.157929e-002
8.832523e+003,-1.875550e-003
8.836380e+003,-8.139074e-002
8.840237e+003,-1.781518e-001
8.844095e+003,-2.779754e-001
8.847951e+003,-3.637344e-001
8.851809e+003,-4.189649e-001
8.855665e+003,-4.316188e-001
8.859522e+003,-3.946818e-001
8.863379e+003,-3.112872e-001
8.867236e+003,-1.940455e-001
8.871093e+003,-6.062860e-002
8.874950e+003,7.013828e-002
8.878808e+003,1.817460e-001
8.882664e+003,2.623051e-001
8.886521e+003,3.054725e-001
8.890378e+003,3.042714e-001
8.894235e+003,2.526764e-001
8.898092e+003,1.632812e-001
8.901949e+003,5.436362e-002
8.905807e+003,-5.309233e-002
8.909663e+003,-1.393257e-001
8.913521e+003,-1.901638e-001
8.917377e+003,-2.005673e-001
8.921234e+003,-1.722213e-001
8.925091e+003,-1.220853e-001
8.928948e+003,-6.640945e-002
8.932806e+003,-1.978224e-002
8.936662e+003,9.174839e-003
8.940520e+003,1.950115e-002
8.944376e+003,1.645030e-002
8.948233e+003,7.916510e-003
8.952090e+003,2.065808e-002
8.955947e+003,2.609734e-002
8.959804e+003,2.554655e-002
8.963661e+003,2.060064e-002
8.967519e+003,1.356745e-002
8.971375e+003,7.852212e-003
8.975232e+003,7.961892e-003
8.979089e+003,1.865516e-002
8.982946e+003,3.575370e-002
8.986803e+003,6.523714e-002
8.990660e+003,1.052916e-001
8.994518e+003,1.500312e-001
8.998374e+003,1.902466e-001
9.002231e+003,2.156088e-001
9.006088e+003,2.179351e-001
9.009945e+003,1.943125e-001
9.013802e+003,1.481070e-001
9.017659e+003,9.191336e-002
9.021517e+003,4.057747e-002
9.025373e+003,8.700073e-003
9.029230e+003,6.184034e-003
9.033087e+003,3.524951e-002
9.036944e+003,8.977991e-002
9.040801e+003,1.571708e-001
9.044658e+003,2.216631e-001
9.048515e+003,2.695421e-001
9.052372e+003,2.913571e-001
9.056229e+003,2.839816e-001
9.060086e+003,2.506525e-001
9.063943e+003,1.995711e-001
9.067800e+003,1.415631e-001
9.071657e+003,8.740411e-002
9.075514e+003,4.635637e-002
9.079371e+003,2.131342e-002
9.083229e+003,1.128772e-002
9.087085e+003,1.107590e-002
9.090942e+003,1.318487e-002
9.094799e+003,1.061156e-002
9.098656e+003,-3.977881e-004
9.102513e+003,-1.869122e-002
9.106370e+003,-3.795857e-002
9.110228e+003,-4.997503e-002
9.114084e+003,-4.695074e-002
9.117941e+003,-2.536745e-002
9.121798e+003,1.211521e-002
9.125655e+003,5.710902e-002
9.129512e+003,9.830410e-002
9.133369e+003,1.254166e-001
9.137226e+003,1.336332e-001
9.141083e+003,1.228379e-001
9.144940e+003,9.911482e-002
9.148797e+003,7.109262e-002
9.152654e+003,4.642476e-002
9.156511e+003,2.917271e-002
9.160368e+003,1.930971e-002
9.164225e+003,1.425576e-002
9.168082e+003,1.174633e-002
9.171939e+003,1.108275e-002
9.175796e+003,1.513803e-002
9.179653e+003,2.854066e-002
9.183510e+003,5.512068e-002
9.187367e+003,9.539151e-002
9.191224e+003,1.455076e-001
9.195081e+003,1.981108e-001
9.198938e+003,2.448296e-001
9.202795e+003,2.794713e-001
9.206652e+003,2.995953e-001
9.210509e+003,3.067508e-001
9.214366e+003,3.049588e-001
9.218223e+003,2.982622e-001
9.222080e+003,2.889896e-001
9.225937e+003,2.773173e-001
9.229794e+003,2.628146e-001
9.233651e+003,2.455623e-001
9.237508e+003,2.282795e-001
9.241365e+003,2.161283e-001
9.245222e+003,2.151711e-001
9.249079e+003,2.296877e-001
9.252936e+003,2.599105e-001
9.256793e+003,3.010722e-001
9.260650e+003,3.438366e-001
9.264507e+003,3.789581e-001
9.268364e+003,3.989253e-001
9.272221e+003,4.003093e-001
9.276078e+003,3.844303e-001
9.279935e+003,3.560154e-001
9.283792e+003,3.212530e-001
9.287649e+003,2.857668e-001
9.291506e+003,2.536420e-001
9.295363e+003,2.282642e-001
9.299220e+003,2.118679e-001
9.303077e+003,2.064971e-001
9.306934e+003,2.138762e-001
9.310791e+003,2.342824e-001
9.314647e+003,2.655073e-001
9.318505e+003,3.022856e-001
9.322362e+003,3.373009e-001
9.326219e+003,3.632801e-001
9.330076e+003,3.758471e-001
9.333933e+003,3.751388e-001
9.337790e+003,3.660154e-001
9.341646e+003,3.560933e-001
9.345504e+003,3.526590e-001
9.349361e+003,3.593955e-001
9.353218e+003,3.742236e-001
9.357075e+003,3.910350e-001
9.360932e+003,4.012340e-001
9.364789e+003,3.973967e-001
9.368646e+003,3.762809e-001
9.372503e+003,3.398144e-001
9.376359e+003,2.941130e-001
9.380217e+003,2.466705e-001
9.384074e+003,2.033092e-001
9.387931e+003,1.666311e-001
9.391788e+003,1.354235e-001
9.395645e+003,1.064834e-001
9.399502e+003,7.723126e-002
9.403358e+003,4.774585e-002
9.407216e+003,2.154423e-002
9.411073e+003,4.473987e-003
9.414930e+003,2.536701e-003
9.418787e+003,1.940895e-002
9.422644e+003,5.484110e-002
9.426501e+003,1.044653e-001
9.430357e+003,1.611211e-001
9.434215e+003,2.167912e-001
9.438072e+003,2.646345e-001
9.441929e+003,3.001447e-001
9.445786e+003,3.217438e-001
9.449643e+003,3.297099e-001
9.453500e+003,3.263786e-001
9.457356e+003,3.151448e-001
9.461214e+003,3.000036e-001
9.465070e+003,2.849132e-001
9.468928e+003,2.731109e-001
9.472785e+003,2.661294e-001
9.476642e+003,2.634230e-001
9.480499e+003,2.612443e-001
9.484355e+003,2.544604e-001
9.488213e+003,2.379204e-001
9.492069e+003,2.086652e-001
9.495927e+003,1.675086e-001
9.499784e+003,1.194177e-001
9.503641e+003,7.218765e-002
9.507498e+003,3.492873e-002
9.511354e+003,1.168516e-002
9.515212e+003,3.330719e-003
9.519068e+003,5.778860e-003
9.522926e+003,1.170381e-002
9.526783e+003,1.340819e-002
9.530640e+003,5.921278e-003
9.534497e+003,-1.126055e-002
9.538354e+003,-3.787936e-002
9.542211e+003,-6.788051e-002
9.546067e+003,-9.381276e-002
9.549925e+003,-1.102351e-001
9.553781e+003,-1.153429e-001
9.557639e+003,-1.108755e-001
9.561496e+003,-1.004941e-001
9.565353e+003,-8.795287e-002
9.569210e+003,-7.882985e-002
9.573066e+003,-6.442118e-002
9.576924e+003,-4.874378e-002
9.580780e+003,-3.774546e-002
9.584638e+003,-3.795943e-002
9.588495e+003,-5.363197e-002
9.592352e+003,-8.379278e-002
9.596209e+003,-1.213728e-001
9.600065e+003,-1.737381e-001
9.603923e+003,-2.129955e-001
9.607779e+003,-2.286053e-001
9.611637e+003,-2.155731e-001
9.615494e+003,-1.754730e-001
9.619351e+003,-1.152473e-001
9.623208e+003,-4.460960e-002
9.627064e+003,2.675207e-002
9.630922e+003,9.469804e-002
9.634778e+003,1.481431e-001
9.638636e+003,1.813083e-001
9.642492e+003,1.931328e-001
9.646350e+003,1.865367e-001
9.650207e+003,1.668460e-001
9.654063e+003,1.398955e-001
9.657921e+003,1.104788e-001
9.661777e+003,7.905926e-002
9.665635e+003,5.011996e-002
9.669491e+003,2.360186e-002
9.673349e+003,-1.120782e-003
9.677206e+003,-2.427820e-002
9.681063e+003,-4.520294e-002
9.684920e+003,-6.238138e-002
9.688776e+003,-7.387131e-002
9.692634e+003,-7.684802e-002
9.696490e+003,-7.082024e-002
9.700348e+003,-5.483542e-002
9.704205e+003,-2.805478e-002
9.708062e+003,1.026214e-002
9.711919e+003,6.044013e-002
9.715775e+003,1.216978e-001
9.719633e+003,1.914996e-001
9.723489e+003,2.652354e-001
9.727347e+003,3.366285e-001
9.731203e+003,3.988055e-001
9.735061e+003,4.456912e-001
9.738918e+003,4.732147e-001
9.742774e+003,4.797344e-001
9.746632e+003,4.656167e-001
9.750488e+003,4.321586e-001
9.754346e+003,3.801947e-001
9.758202e+003,3.109052e-001
9.762060e+003,2.255291e-001
9.765917e+003,1.271145e-001
9.769773e+003,2.190633e-002
9.773631e+003,-8.026375e-002
9.777487e+003,-1.672001e-001
9.781345e+003,-2.269957e-001
9.785201e+003,-2.495684e-001
9.789059e+003,-2.336860e-001
9.792916e+003,-1.843289e-001
9.796772e+003,-1.120302e-001
9.800630e+003,-2.965368e-002
9.804486e+003,5.117957e-002
9.808344e+003,1.226379e-001
9.812200e+003,1.811832e-001
9.816058e+003,2.263225e-001
9.819914e+003,2.572232e-001
9.823771e+003,2.726744e-001
9.827629e+003,2.698003e-001
9.831485e+003,2.454615e-001
9.835343e+003,1.986927e-001
9.839199e+003,1.328972e-001
9.843057e+003,5.643636e-002
9.846913e+003,-1.882048e-002
9.850771e+003,-8.063442e-002
9.854628e+003,-1.198629e-001
9.858484e+003,-1.328231e-001
9.862342e+003,-1.216444e-001
9.866198e+003,-9.274169e-002
9.870056e+003,-5.418342e-002
9.873912e+003,-1.332857e-002
9.877770e+003,2.493194e-002
9.881627e+003,5.648866e-002
9.885483e+003,7.810590e-002
9.889341e+003,8.636658e-002
9.893197e+003,7.786483e-002
9.897055e+003,5.047360e-002
9.900911e+003,5.199421e-003
9.904769e+003,-5.246381e-002
9.908625e+003,-1.123323e-001
9.912482e+003,-1.616432e-001
9.916340e+003,-1.870933e-001
9.920196e+003,-1.786426e-001
9.924054e+003,-1.321413e-001
9.927910e+003,-5.060775e-002
9.931768e+003,5.620956e-002
9.935624e+003,1.735460e-001
9.939481e+003,2.843294e-001
9.943339e+003,3.713948e-001
9.947195e+003,4.211798e-001
9.951053e+003,4.257593e-001
9.954909e+003,3.843216e-001
9.958767e+003,3.034174e-001
9.962623e+003,1.958613e-001
9.966480e+003,7.827456e-002
9.970337e+003,-3.191637e-002
9.974194e+003,-1.203415e-001
9.978052e+003,-1.770919e-001
9.981908e+003,-1.979015e-001
9.985766e+003,-1.835306e-001
9.989622e+003,-1.382193e-001
9.993479e+003,-6.799673e-002
9.997336e+003,2.044083e-002
1.000119e+004,1.190218e-001
